,city_name,lat,lon,distance_to_center_km,area_m2,rooms,is_studio,floor,floors_total,floor_ratio,area_per_room,is_top_floor,is_first_floor,actual_price,predicted_price,error,absolute_error,percentage_error,signed_percentage_error
70,Альметьевск,54.89203,52.28391,1.3579185370644744,73.9,2.0,0,5,16,0.3125,36.95,0,0,10486410,10570103.348503558,83693.34850355797,83693.34850355797,0.7981124951585715,0.7981124951585715
827,Альметьевск,54.902491,52.276012,1.5585007018726817,30.3,1.0,0,3,5,0.6,30.3,0,0,3900000,3839930.7308214977,-60069.26917850226,60069.26917850226,1.5402376712436476,-1.5402376712436476
231,Альметьевск,54.89041,52.28283,1.530553978685245,82.0,2.0,0,8,16,0.5,41.0,0,0,11553800,11456951.234927973,-96848.76507202722,96848.76507202722,0.8382416613757138,-0.8382416613757138
588,Альметьевск,54.909064,52.278096,1.725322037162431,31.1,1.0,0,2,5,0.4,31.1,0,0,3800000,3683709.110719018,-116290.88928098185,116290.88928098185,3.060286560025838,-3.060286560025838
39,Альметьевск,54.901802,52.308872,0.6015922661656802,112.0,3.0,0,1,5,0.2,37.333333333333336,0,1,14300000,13546031.133885413,-753968.8661145866,753968.8661145866,5.272509553248858,-5.272509553248858
731,Альметьевск,54.898401,52.314621,0.9516090704124457,24.9,1.0,0,1,5,0.2,24.9,0,1,2900000,2074658.4729949124,-825341.5270050876,825341.5270050876,28.460052655347845,-28.460052655347845
299,Альметьевск,54.91004944,52.29652786,1.1392801061722213,71.7,3.0,0,2,5,0.4,23.900000000000002,0,0,10650000,7795466.933524784,-2854533.0664752163,2854533.0664752163,26.803127384743814,-26.803127384743814
110,Альметьевск,54.908454,52.327566,1.9973615056041893,90.0,4.0,0,6,9,0.6666666666666666,22.5,0,0,9300000,8314817.916966371,-985182.0830336288,985182.0830336288,10.593355731544394,-10.593355731544394
72,Альметьевск,54.900125,52.257066,2.7451306720662187,74.0,2.0,0,1,10,0.1,37.0,0,1,7900000,8308726.691534065,408726.6915340647,408726.6915340647,5.173755589038794,5.173755589038794
86,Альметьевск,54.90182114,52.29724884,0.2682298412402498,77.0,3.0,0,3,4,0.75,25.666666666666668,0,0,15000000,9443634.702521043,-5556365.297478957,5556365.297478957,37.04243531652638,-37.04243531652638
139,Альметьевск,54.897614,52.262447,2.4157355621024292,53.2,2.0,0,4,9,0.4444444444444444,26.6,0,0,6550000,6512198.982355347,-37801.0176446531,37801.0176446531,0.5771147732008106,-0.5771147732008106
533,Альметьевск,54.90559006,52.32294846,1.5934098054743235,54.2,2.0,0,1,5,0.2,27.1,0,1,5550000,5552191.796996183,2191.796996182762,2191.796996182762,0.03949183776905878,0.03949183776905878
801,Альметьевск,54.90703,52.326398,1.8599237673837923,50.2,2.0,0,2,9,0.2222222222222222,25.1,0,0,6200000,5544977.784250574,-655022.2157494258,655022.2157494258,10.564874447571384,-10.564874447571384
120,Альметьевск,54.90581512,52.32849884,1.933353446260639,125.0,4.0,0,3,7,0.42857142857142855,31.25,0,0,10800000,12286299.753027787,1486299.7530277874,1486299.7530277874,13.76203475025729,13.76203475025729
711,Альметьевск,54.907983,52.260767,2.660660232727232,75.2,2.0,0,7,16,0.4375,37.6,0,0,8750000,8762823.483016934,12823.483016934246,12823.483016934246,0.14655409162210567,0.14655409162210567
590,Альметьевск,54.893627,52.264864,2.355801614933099,68.0,2.0,0,5,5,1.0,34.0,1,0,8500000,8132072.316632128,-367927.6833678717,367927.6833678717,4.328560980798491,-4.328560980798491
168,Альметьевск,54.89041,52.28283,1.530553978685245,76.1,2.0,0,5,9,0.5555555555555556,38.05,0,0,10722490,10651770.08630148,-70719.91369852051,70719.91369852051,0.6595474903545773,-0.6595474903545773
422,Альметьевск,54.910255,52.262034,2.68166776716357,67.4,3.0,0,9,9,1.0,22.46666666666667,1,0,7960000,7229316.550969136,-730683.449030864,730683.449030864,9.179440314458091,-9.179440314458091
447,Альметьевск,54.89641953,52.28556061,1.0054452748376876,43.0,2.0,0,3,5,0.6,21.5,0,0,4250000,4594647.247855582,344647.2478555823,344647.2478555823,8.109347008366642,8.109347008366642
67,Альметьевск,54.89203,52.28391,1.3579185370644744,74.3,2.0,0,3,8,0.375,37.15,0,0,10543170,10533400.04524422,-9769.954755779356,9769.954755779356,0.0926661976974606,-0.0926661976974606
211,Альметьевск,54.89041,52.28283,1.530553978685245,74.3,2.0,0,2,9,0.2222222222222222,37.15,0,0,10497050,10483974.012479933,-13075.987520067021,13075.987520067021,0.12456821221264089,-0.12456821221264089
741,Альметьевск,54.90971,52.28456,1.462901925358752,104.4,4.0,0,4,9,0.4444444444444444,26.1,0,0,11586180,11838973.244257513,252793.24425751343,252793.24425751343,2.181851518425516,2.181851518425516
688,Альметьевск,54.887377,52.268367,2.4621295911094094,78.3,3.0,0,2,9,0.2222222222222222,26.099999999999998,0,0,8800000,10377670.866982713,1577670.8669827133,1577670.8669827133,17.928078033894472,17.928078033894472
333,Альметьевск,54.89203,52.28391,1.3579185370644744,74.0,2.0,0,8,8,1.0,37.0,1,0,10545000,10396495.525300974,-148504.47469902597,148504.47469902597,1.4082927899386057,-1.4082927899386057
542,Альметьевск,54.89002,52.23803,4.115160423323737,69.4,2.0,0,5,16,0.3125,34.7,0,0,9910000,9899183.165693458,-10816.83430654183,10816.83430654183,0.1091506993596552,-0.1091506993596552
344,Альметьевск,54.88737869,52.26836777,2.4619819753933956,68.2,3.0,0,5,10,0.5,22.733333333333334,0,0,9800000,8382308.751348015,-1417691.248651985,1417691.248651985,14.466237231142706,-14.466237231142706
30,Альметьевск,54.90185928,52.30002213,0.20674734484028906,77.4,3.0,0,3,4,0.75,25.8,0,0,9500000,9688929.168572152,188929.16857215203,188929.16857215203,1.9887280902331792,1.9887280902331792
837,Альметьевск,54.896640623139206,52.2948946987033,0.49608059395365717,44.0,2.0,0,3,5,0.6,22.0,0,0,4870000,4437681.697788512,-432318.30221148767,432318.30221148767,8.877172530010014,-8.877172530010014
658,Альметьевск,54.90449578227304,52.31752583846519,1.2269577984126399,42.8,1.0,0,4,5,0.8,42.8,0,0,4100000,5388318.316999568,1288318.3169995677,1288318.3169995677,31.42239797559921,31.42239797559921
522,Альметьевск,54.908407,52.301272,0.9383461310918267,21.1,1.0,0,1,4,0.25,21.1,0,1,1870000,2065604.9056885908,195604.90568859084,195604.90568859084,10.460155384416622,10.460155384416622
260,Альметьевск,54.89041,52.28283,1.530553978685245,72.1,2.0,0,1,9,0.1111111111111111,36.05,0,1,10057950,10063405.597859344,5455.597859343514,5455.597859343514,0.05424164824187348,0.05424164824187348
756,Альметьевск,54.90904917090606,52.28525860415749,1.3786393713192064,60.0,3.0,0,9,9,1.0,20.0,1,0,6250000,6422543.025686529,172543.02568652947,172543.02568652947,2.7606884109844714,2.7606884109844714
298,Альметьевск,54.90077591,52.36069489,3.881611113479574,42.3,2.0,0,3,5,0.6,21.15,0,0,4500000,3733696.0071419138,-766303.9928580862,766303.9928580862,17.028977619068584,-17.028977619068584
531,Альметьевск,54.89661026,52.31361389,0.9485780482337477,33.0,1.0,0,1,5,0.2,33.0,0,1,2500000,3253614.4886480714,753614.4886480714,753614.4886480714,30.144579545922856,30.144579545922856
615,Альметьевск,54.90198517,52.25665283,2.7802254562422957,67.8,2.0,0,3,16,0.1875,33.9,0,0,8150000,8472044.128602322,322044.1286023222,322044.1286023222,3.9514617006419903,3.9514617006419903
675,Альметьевск,54.909168,52.328698,2.0988752965409465,70.0,3.0,0,3,10,0.3,23.333333333333332,0,0,7450000,7867072.7742990805,417072.7742990805,417072.7742990805,5.5982922724708795,5.5982922724708795
23,Альметьевск,54.906031,52.310363,0.9426988569211403,96.5,4.0,0,1,2,0.5,24.125,0,1,19000000,10602217.116031686,-8397782.883968314,8397782.883968314,44.198857284043754,-44.198857284043754
589,Альметьевск,54.900125,52.257066,2.7451306720662187,100.6,3.0,0,1,9,0.1111111111111111,33.53333333333333,0,1,8600000,10792942.14026531,2192942.14026531,2192942.14026531,25.49932721238733,25.49932721238733
431,Альметьевск,54.90281296,52.26594925,2.19940444395823,75.0,3.0,0,5,5,1.0,25.0,1,0,7300000,7839280.347734125,539280.3477341253,539280.3477341253,7.3874020237551425,7.3874020237551425
209,Альметьевск,54.89041,52.28283,1.530553978685245,60.9,2.0,0,16,16,1.0,30.45,1,0,9007110,8941098.240722433,-66011.75927756727,66011.75927756727,0.7328850128128476,-0.7328850128128476
63,Альметьевск,54.89203,52.28391,1.3579185370644744,73.9,2.0,0,14,16,0.875,36.95,0,0,10486410,10440789.665394146,-45620.334605854005,45620.334605854005,0.43504244642212164,-0.43504244642212164
239,Альметьевск,54.89041,52.28283,1.530553978685245,77.6,3.0,0,5,9,0.5555555555555556,25.866666666666664,0,0,11011440,10894243.545967268,-117196.45403273217,117196.45403273217,1.06431542135027,-1.06431542135027
370,Альметьевск,54.905835236493544,52.30137189998375,0.6547500469216941,47.4,3.0,0,2,5,0.4,15.799999999999999,0,0,5350000,4981149.340040028,-368850.6599599719,368850.6599599719,6.894404859064895,-6.894404859064895
744,Альметьевск,54.90971,52.28456,1.462901925358752,104.4,4.0,0,3,9,0.3333333333333333,26.1,0,0,11533990,11758679.748810032,224689.74881003238,224689.74881003238,1.9480660969016999,1.9480660969016999
652,Альметьевск,54.89329529,52.31155014,1.0494147875838011,17.0,1.0,0,1,9,0.1111111111111111,17.0,0,1,1550000,1484955.8309109206,-65044.16908907937,65044.16908907937,4.1963980057470565,-4.1963980057470565
625,Альметьевск,54.90666199,52.32584,1.810497160132141,31.0,1.0,0,3,5,0.6,31.0,0,0,3200000,3596006.9536598255,396006.9536598255,396006.9536598255,12.375217301869547,12.375217301869547
215,Альметьевск,54.89041,52.28283,1.530553978685245,73.0,2.0,0,1,9,0.1111111111111111,36.5,0,1,10183500,10015912.093297465,-167587.90670253523,167587.90670253523,1.645680823906665,-1.645680823906665
519,Альметьевск,54.90809631,52.31750488,1.436275646775531,32.0,1.0,0,5,5,1.0,32.0,1,0,3570000,3847981.955214599,277981.95521459915,277981.95521459915,7.786609389764681,7.786609389764681
494,Альметьевск,54.903919,52.311935,0.8787246142886106,70.1,3.0,0,2,3,0.6666666666666666,23.366666666666664,0,0,7000000,7317621.7720161,317621.77201609965,317621.77201609965,4.537453885944281,4.537453885944281
832,Альметьевск,54.90625381,52.25089645,3.215418480168115,87.3,3.0,0,5,9,0.5555555555555556,29.099999999999998,0,0,10450000,10085289.457140295,-364710.54285970517,364710.54285970517,3.4900530417196665,-3.4900530417196665
453,Альметьевск,54.910834,52.295846,1.2336088457579248,61.3,3.0,0,5,5,1.0,20.433333333333334,1,0,5600000,5616855.548017633,16855.548017633148,16855.548017633148,0.3009919288863062,0.3009919288863062
352,Альметьевск,54.907579,52.2853,1.2623139506946692,64.9,3.0,0,6,9,0.6666666666666666,21.633333333333336,0,0,6600000,6815773.693879389,215773.6938793892,215773.6938793892,3.269298392111958,3.269298392111958
549,Альметьевск,54.89002,52.23803,4.115160423323737,57.8,2.0,0,11,16,0.6875,28.9,0,0,8750000,8839645.07949839,89645.07949838974,89645.07949838974,1.0245151942673112,1.0245151942673112
280,Альметьевск,54.912998,52.259168,2.983704846232661,40.0,1.0,0,7,14,0.5,40.0,0,0,6100000,4997348.064819885,-1102651.9351801146,1102651.9351801146,18.076261232460894,-18.076261232460894
247,Альметьевск,54.89041,52.28283,1.530553978685245,69.8,2.0,0,13,16,0.8125,34.9,0,0,10114020,10253309.894966692,139289.89496669173,139289.89496669173,1.3771961590613004,1.3771961590613004
213,Альметьевск,54.89041,52.28283,1.530553978685245,66.7,2.0,0,1,16,0.0625,33.35,0,1,9664830,9471494.722103152,-193335.27789684758,193335.27789684758,2.0004001922108055,-2.0004001922108055
137,Альметьевск,54.902465,52.362546,4.008305338143097,42.0,2.0,0,2,5,0.4,21.0,0,0,3700000,3622685.968104706,-77314.03189529385,77314.03189529385,2.0895684296025365,-2.0895684296025365
396,Альметьевск,54.89473724,52.29695892,0.6166535563343207,33.0,,1,1,5,0.2,33.0,0,1,3000000,3584830.610278216,584830.6102782162,584830.6102782162,19.49435367594054,19.49435367594054
302,Альметьевск,54.905664,52.274377,1.755057003371007,60.3,3.0,0,5,5,1.0,20.099999999999998,1,0,5800000,5504003.572555914,-295996.4274440864,295996.4274440864,5.1033866800704555,-5.1033866800704555
543,Альметьевск,54.89002,52.23803,4.115160423323737,64.9,2.0,0,5,9,0.5555555555555556,32.45,0,0,9370000,9513399.07036612,143399.07036611997,143399.07036611997,1.5304063005989323,1.5304063005989323
44,Альметьевск,54.89203,52.28391,1.3579185370644744,73.9,2.0,0,6,16,0.375,36.95,0,0,10486410,10622699.928439282,136289.92843928188,136289.92843928188,1.2996814776389811,1.2996814776389811
390,Альметьевск,54.901372,52.36296,4.028336658084408,30.4,1.0,0,3,4,0.75,30.4,0,0,2550000,2956485.779617218,406485.77961721784,406485.77961721784,15.940618808518348,15.940618808518348
739,Альметьевск,54.90971,52.28456,1.462901925358752,104.4,4.0,0,7,9,0.7777777777777778,26.1,0,0,11742750,11622715.308690548,-120034.69130945206,120034.69130945206,1.0222025616610424,-1.0222025616610424
448,Альметьевск,54.9038,52.334797,2.264504798864262,71.1,3.0,0,8,9,0.8888888888888888,23.7,0,0,6000000,6794563.523095578,794563.523095578,794563.523095578,13.242725384926299,13.242725384926299
208,Альметьевск,54.89041,52.28283,1.530553978685245,69.8,2.0,0,12,16,0.75,34.9,0,0,10114020,10228347.54913424,114327.54913423955,114327.54913423955,1.1303868208115029,1.1303868208115029
198,Альметьевск,54.89041,52.28283,1.530553978685245,74.1,2.0,0,3,9,0.3333333333333333,37.05,0,0,10440690,10620233.00886361,179543.00886360928,179543.00886360928,1.719646966470696,1.719646966470696
668,Альметьевск,54.89754105,52.29435349,0.4528871639589159,31.4,1.0,0,2,5,0.4,31.4,0,0,4210000,3176300.5704076053,-1033699.4295923947,1033699.4295923947,24.553430631648332,-24.553430631648332
516,Альметьевск,54.90847397,52.2598877,2.7320492145318735,34.0,1.0,0,1,9,0.1111111111111111,34.0,0,1,4100000,4043700.878630385,-56299.1213696152,56299.1213696152,1.3731493016979317,-1.3731493016979317
328,Альметьевск,54.90517807,52.30554962,0.6763171933378828,43.6,2.0,0,2,2,1.0,21.8,1,0,4600000,4506397.681088705,-93602.31891129538,93602.31891129538,2.034833019810769,-2.034833019810769
449,Альметьевск,54.891577,52.270873,2.084740482647411,51.3,2.0,0,4,5,0.8,25.65,0,0,6700000,6487461.62891653,-212538.37108347006,212538.37108347006,3.1722144937831356,-3.1722144937831356
626,Альметьевск,54.89675522,52.28707886,0.9015284895547578,58.0,3.0,0,5,5,1.0,19.333333333333332,1,0,4600000,5451685.535026964,851685.5350269638,851685.5350269638,18.51490293536878,18.51490293536878
583,Альметьевск,54.902139,52.298335,0.26058207688274554,52.1,2.0,0,2,3,0.6666666666666666,26.05,0,0,7200000,5884937.073822122,-1315062.926177878,1315062.926177878,18.264762863581637,-18.264762863581637
826,Альметьевск,54.903567,52.254003,2.967437254286755,47.6,2.0,0,5,8,0.625,23.8,0,0,6500000,5491955.230054479,-1008044.7699455209,1008044.7699455209,15.508381076084937,-15.508381076084937
314,Альметьевск,54.88496,52.26469,2.8099225036437168,79.5,3.0,0,6,18,0.3333333333333333,26.5,0,0,11269125,10990488.916459536,-278636.0835404638,278636.0835404638,2.4725618319120946,-2.4725618319120946
136,Альметьевск,54.90600694360575,52.280572653989395,1.4102572848131303,48.0,3.0,0,5,5,1.0,16.0,1,0,4100000,5226125.537663463,1126125.5376634626,1126125.5376634626,27.466476528377136,27.466476528377136
843,Альметьевск,54.906171,52.305521,0.7716463812067051,55.9,3.0,0,2,2,1.0,18.633333333333333,1,0,6150000,5673556.5685794195,-476443.4314205805,476443.4314205805,7.747047665375292,-7.747047665375292
361,Альметьевск,54.906254,52.250895,3.2155135505569215,61.4,2.0,0,9,9,1.0,30.7,1,0,7600000,7569455.999433644,-30544.000566355884,30544.000566355884,0.4018947442941564,-0.4018947442941564
493,Альметьевск,54.885933,52.266328,2.6614456029643554,35.2,1.0,0,3,10,0.3,35.2,0,0,5150000,4581277.665066519,-568722.3349334812,568722.3349334812,11.043152134630702,-11.043152134630702
60,Альметьевск,54.89203,52.28391,1.3579185370644744,73.9,2.0,0,15,16,0.9375,36.95,0,0,10486410,10369653.00677568,-116756.99322431907,116756.99322431907,1.113412437853556,-1.113412437853556
664,Альметьевск,54.90592957,52.28001022,1.4380631106847177,43.5,2.0,0,1,5,0.2,21.75,0,1,3500000,4599574.896123972,1099574.8961239718,1099574.8961239718,31.416425603542052,31.416425603542052
525,Альметьевск,54.89532471,52.27900314,1.4397057209841737,60.7,4.0,0,2,5,0.4,15.175,0,0,5999999,5979613.449037144,-20385.55096285604,20385.55096285604,0.3397592393408072,-0.3397592393408072
174,Альметьевск,54.89041,52.28283,1.530553978685245,77.6,3.0,0,2,9,0.2222222222222222,25.866666666666664,0,0,11011440,11057277.1385339,45837.13853389956,45837.13853389956,0.4162683403251487,0.4162683403251487
536,Альметьевск,54.901574,52.311315,0.7443107746100255,41.0,2.0,0,3,3,1.0,20.5,1,0,4050000,4097413.3642912856,47413.36429128563,47413.36429128563,1.17070035287125,1.17070035287125
66,Альметьевск,54.89203,52.28391,1.3579185370644744,73.9,2.0,0,9,16,0.5625,36.95,0,0,10486410,10544554.909985635,58144.90998563543,58144.90998563543,0.5544787013442677,0.5544787013442677
820,Альметьевск,54.902812,52.265951,2.1992785407304822,35.0,1.0,0,5,5,1.0,35.0,1,0,4880000,4612876.375473799,-267123.6245262008,267123.6245262008,5.473844764881164,-5.473844764881164
777,Альметьевск,54.908764,52.317981,1.5070209221414979,44.2,2.0,0,1,5,0.2,22.1,0,1,4100000,4277052.874368621,177052.87436862104,177052.87436862104,4.318362789478561,4.318362789478561
381,Альметьевск,54.954101238529994,52.528733656354724,15.804549388773296,43.0,2.0,0,1,2,0.5,21.5,0,1,2500000,2656137.845853963,156137.84585396294,156137.84585396294,6.245513834158518,6.245513834158518
485,Альметьевск,54.9107399,52.27918243,1.7881071181398482,68.3,3.0,0,2,9,0.2222222222222222,22.766666666666666,0,0,8190000,7495395.345818827,-694604.6541811731,694604.6541811731,8.481131308683432,-8.481131308683432
218,Альметьевск,54.89203,52.28391,1.3579185370644744,74.3,2.0,0,6,8,0.75,37.15,0,0,10691770,10458845.12563717,-232924.87436283007,232924.87436283007,2.178543630875244,-2.178543630875244
575,Альметьевск,54.88820267,52.26667023,2.502686005079236,57.9,2.0,0,5,10,0.5,28.95,0,0,6680000,7474992.808956514,794992.8089565141,794992.8089565141,11.901089954438834,11.901089954438834
346,Альметьевск,54.90293503,52.27880478,1.3938690384664576,44.0,2.0,0,1,5,0.2,22.0,0,1,5000000,4477021.151470789,-522978.84852921125,522978.84852921125,10.459576970584225,-10.459576970584225
545,Альметьевск,54.89002,52.23803,4.115160423323737,76.6,3.0,0,8,9,0.8888888888888888,25.53333333333333,0,0,11340000,11279437.921418598,-60562.07858140208,60562.07858140208,0.5340571303474609,-0.5340571303474609
800,Альметьевск,54.90976334,52.31964111,1.6599003291453571,67.2,3.0,0,5,9,0.5555555555555556,22.400000000000002,0,0,7300000,7294112.469201655,-5887.530798344873,5887.530798344873,0.08065110682664209,-0.08065110682664209
809,Альметьевск,54.89844131,52.29588318,0.3151613145819969,45.0,2.0,0,2,4,0.5,22.5,0,0,4350000,4855466.768556478,505466.76855647843,505466.76855647843,11.619925713942033,11.619925713942033
778,Альметьевск,54.896962,52.279012,1.3838391953007083,31.2,1.0,0,1,5,0.2,31.2,0,1,3000000,3368141.816488253,368141.81648825295,368141.81648825295,12.271393882941766,12.271393882941766
398,Альметьевск,54.90515518,52.32188797,1.5122321454399361,53.9,2.0,0,1,5,0.2,26.95,0,1,4200000,5537873.906747692,1337873.9067476923,1337873.9067476923,31.854140636849813,31.854140636849813
76,Альметьевск,54.911926,52.260534,2.8502717757205938,35.3,1.0,0,1,9,0.1111111111111111,35.3,0,1,5050000,4485848.567364928,-564151.4326350717,564151.4326350717,11.171315497724192,-11.171315497724192
196,Альметьевск,54.89041,52.28283,1.530553978685245,76.2,2.0,0,2,9,0.2222222222222222,38.1,0,0,10736580,10666857.83213848,-69722.16786151938,69722.16786151938,0.6493889847746618,-0.6493889847746618
631,Альметьевск,54.896967,52.280674,1.2809018003891957,29.4,1.0,0,5,5,1.0,29.4,1,0,4250000,3106148.8764709188,-1143851.1235290812,1143851.1235290812,26.914144083037208,-26.914144083037208
751,Альметьевск,54.907843,52.299817,0.872180281620323,40.4,2.0,0,3,5,0.6,20.2,0,0,5600000,4128051.625554813,-1471948.374445187,1471948.374445187,26.28479240080691,-26.28479240080691
570,Альметьевск,54.89002,52.23803,4.115160423323737,70.8,2.0,0,2,16,0.125,35.4,0,0,9630000,9809595.92418302,179595.92418302037,179595.92418302037,1.8649628679441366,1.8649628679441366
405,Альметьевск,54.90233248505469,52.36363432541292,4.076770824729946,42.7,2.0,0,3,4,0.75,21.35,0,0,3900000,3741709.5143217053,-158290.48567829467,158290.48567829467,4.058730402007556,-4.058730402007556
512,Альметьевск,54.909023,52.277072,1.776288275648271,72.0,3.0,0,3,5,0.6,24.0,0,0,8000000,7581596.737834452,-418403.2621655483,418403.2621655483,5.2300407770693536,-5.2300407770693536
338,Альметьевск,54.89255,52.2724,1.9495949313592014,68.4,3.0,0,6,9,0.6666666666666666,22.8,0,0,6700000,7546854.463932972,846854.4639329724,846854.4639329724,12.63961886467123,12.63961886467123
895,Альметьевск,54.904577,52.262582,2.445820924414535,35.5,1.0,0,2,7,0.2857142857142857,35.5,0,0,4700000,4386497.349718503,-313502.6502814973,313502.6502814973,6.670269154925474,-6.670269154925474
227,Альметьевск,54.89041,52.28283,1.530553978685245,69.8,2.0,0,12,16,0.75,34.9,0,0,10114020,10228347.54913424,114327.54913423955,114327.54913423955,1.1303868208115029,1.1303868208115029
669,Альметьевск,54.9129982,52.25916672,2.9837871992283374,40.1,1.0,0,3,14,0.21428571428571427,40.1,0,0,5500000,4920929.599215358,-579070.4007846424,579070.4007846424,10.528552741538952,-10.528552741538952
204,Альметьевск,54.89041,52.28283,1.530553978685245,74.3,2.0,0,3,9,0.3333333333333333,37.15,0,0,10497050,10595036.079482062,97986.07948206179,97986.07948206179,0.9334630156287889,0.9334630156287889
745,Альметьевск,54.90971,52.28456,1.462901925358752,104.4,4.0,0,2,9,0.2222222222222222,26.1,0,0,11481800,11645864.1199356,164064.1199356001,164064.1199356001,1.4289059201135716,1.4289059201135716
192,Альметьевск,54.89041,52.28283,1.530553978685245,47.8,1.0,0,2,9,0.2222222222222222,47.8,0,0,7404220,6999044.639475418,-405175.36052458175,405175.36052458175,5.472222064236094,-5.472222064236094
874,Альметьевск,54.895082,52.295658,0.6132968286900387,43.7,2.0,0,4,4,1.0,21.85,1,0,4899000,4471223.107044315,-427776.89295568503,427776.89295568503,8.731922697605327,-8.731922697605327
794,Альметьевск,54.89694694690115,52.28156812578571,1.2264566034145474,43.5,2.0,0,1,5,0.2,21.75,0,1,4500000,4272923.750236995,-227076.2497630054,227076.2497630054,5.046138883622342,-5.046138883622342
774,Альметьевск,54.90122223,52.25189972,3.0783744274986087,78.5,3.0,0,9,10,0.9,26.166666666666668,0,0,8700000,8967230.493768103,267230.4937681034,267230.4937681034,3.0716148708977404,3.0716148708977404
481,Альметьевск,54.89919662,52.25826263,2.6701114068631613,89.9,3.0,0,3,10,0.3,29.96666666666667,0,0,12000000,10713130.68856202,-1286869.3114379793,1286869.3114379793,10.723910928649829,-10.723910928649829
834,Альметьевск,54.893198,52.37462,4.831006078890624,48.3,2.0,0,2,3,0.6666666666666666,24.15,0,0,4500000,4140179.2054028343,-359820.79459716566,359820.79459716566,7.996017657714792,-7.996017657714792
465,Альметьевск,54.90906525,52.27809525,1.725442132865076,21.5,1.0,0,1,5,0.2,21.5,0,1,2300000,2464530.210422724,164530.21042272402,164530.21042272402,7.153487409683653,7.153487409683653
807,Альметьевск,54.904830798655176,52.28263576499572,1.2332886989753469,61.8,3.0,0,3,5,0.6,20.599999999999998,0,0,5750000,5679640.562781839,-70359.4372181613,70359.4372181613,1.2236423864028052,-1.2236423864028052
885,Альметьевск,54.910286,52.326632,2.0510759272561505,66.0,3.0,0,6,9,0.6666666666666666,22.0,0,0,6200000,6974879.7875399,774879.7875399003,774879.7875399003,12.49806108935323,12.49806108935323
96,Альметьевск,54.91131973,52.30208206,1.2657146194861364,61.9,3.0,0,2,5,0.4,20.633333333333333,0,0,5200000,5913110.227025377,713110.2270253766,713110.2270253766,13.713658212026475,13.713658212026475
891,Альметьевск,54.907346,52.332767,2.2484748513887753,44.7,2.0,0,1,5,0.2,22.35,0,1,4100000,4006332.695628885,-93667.30437111482,93667.30437111482,2.2845683992954835,-2.2845683992954835
326,Альметьевск,54.91083867839123,52.32893933826116,2.207999331498061,66.0,3.0,0,1,9,0.1111111111111111,22.0,0,1,6050000,6410877.259249323,360877.25924932305,360877.25924932305,5.964913376021869,5.964913376021869
294,Альметьевск,54.905027,52.33177,2.106684208445191,43.6,2.0,0,5,5,1.0,21.8,1,0,4400000,4056863.509736041,-343136.4902639589,343136.4902639589,7.798556596908157,-7.798556596908157
210,Альметьевск,54.89041,52.28283,1.530553978685245,75.3,3.0,0,1,9,0.1111111111111111,25.099999999999998,0,1,10685070,9768352.61905645,-916717.3809435498,916717.3809435498,8.579423260152248,-8.579423260152248
440,Альметьевск,54.91269684,52.2589798,2.9782246091036306,42.0,1.0,0,14,14,1.0,42.0,1,0,4700000,5642756.71558675,942756.7155867498,942756.7155867498,20.058653523122334,20.058653523122334
783,Альметьевск,54.89919662,52.25826263,2.6701114068631613,94.1,3.0,0,9,10,0.9,31.366666666666664,0,0,11000500,10030153.489436977,-970346.5105630234,970346.5105630234,8.820930962801905,-8.820930962801905
78,Альметьевск,54.904824922696726,52.316290904120834,1.171599435019721,30.2,1.0,0,4,5,0.8,30.2,0,0,3000000,3420792.656059978,420792.65605997806,420792.65605997806,14.026421868665937,14.026421868665937
265,Альметьевск,54.90123749,52.25586319,2.825314095190445,86.3,2.0,0,6,10,0.6,43.15,0,0,10950000,9325867.332767215,-1624132.6672327854,1624132.6672327854,14.83226180121265,-14.83226180121265
829,Альметьевск,54.909007,52.315978,1.4305568054642714,57.4,3.0,0,2,5,0.4,19.133333333333333,0,0,6990000,5767518.758111481,-1222481.2418885194,1222481.2418885194,17.489002029878677,-17.489002029878677
428,Альметьевск,54.90878296,52.32565308,1.9087825188230003,35.0,1.0,0,5,9,0.5555555555555556,35.0,0,0,3400000,4082632.24112365,682632.2411236502,682632.2411236502,20.077418856577946,20.077418856577946
141,Альметьевск,54.90316772,52.26301193,2.3909259933983766,67.0,3.0,0,1,9,0.1111111111111111,22.333333333333332,0,1,6850000,6844470.555118087,-5529.444881913252,5529.444881913252,0.08072182309362412,-0.08072182309362412
582,Альметьевск,54.911678,52.31499,1.6138478047841893,47.9,2.0,0,2,5,0.4,23.95,0,0,4900000,4799005.593039698,-100994.40696030203,100994.40696030203,2.061110346128613,-2.061110346128613
743,Альметьевск,54.90971,52.28456,1.462901925358752,104.4,4.0,0,6,9,0.6666666666666666,26.1,0,0,11690560,11621491.343133958,-69068.65686604194,69068.65686604194,0.5908070859397834,-0.5908070859397834
363,Альметьевск,54.90022278,52.31269073,0.8117914705899976,45.4,2.0,0,2,3,0.6666666666666666,22.7,0,0,5100000,4352055.338879738,-747944.661120262,747944.661120262,14.665581590593371,-14.665581590593371
65,Альметьевск,54.89203,52.28391,1.3579185370644744,73.9,2.0,0,11,16,0.6875,36.95,0,0,10486410,10489128.9795424,2718.979542400688,2718.979542400688,0.025928602280481956,0.025928602280481956
789,Альметьевск,54.89805222,52.2632103,2.3622541131400316,69.0,3.0,0,9,9,1.0,23.0,1,0,6950000,7102266.820505451,152266.8205054514,152266.8205054514,2.19088950367556,2.19088950367556
291,Альметьевск,54.89310074,52.26474762,2.381117747914428,68.0,2.0,0,4,5,0.8,34.0,0,0,8840000,8367717.216141384,-472282.7838586159,472282.7838586159,5.342565428264886,-5.342565428264886
603,Альметьевск,54.91086378144131,52.330379256396725,2.2871543475596354,52.0,2.0,0,6,9,0.6666666666666666,26.0,0,0,6500000,5532498.392114917,-967501.6078850832,967501.6078850832,14.884640121308973,-14.884640121308973
857,Альметьевск,54.9064827,52.27947998,1.4968927074682734,44.5,2.0,0,3,5,0.6,22.25,0,0,5000000,4948206.141319664,-51793.858680335805,51793.858680335805,1.035877173606716,-1.035877173606716
486,Альметьевск,54.91131973,52.30208206,1.2657146194861364,44.2,2.0,0,3,5,0.6,22.1,0,0,3690000,4485482.7618373465,795482.7618373465,795482.7618373465,21.55779842377633,21.55779842377633
235,Альметьевск,54.89041,52.28283,1.530553978685245,73.1,2.0,0,3,9,0.3333333333333333,36.55,0,0,10372890,10519152.955521513,146262.95552151278,146262.95552151278,1.4100501935479193,1.4100501935479193
250,Альметьевск,54.89041,52.28283,1.530553978685245,73.1,2.0,0,4,9,0.4444444444444444,36.55,0,0,10445990,10539772.116269903,93782.11626990326,93782.11626990326,0.8977810266896986,0.8977810266896986
49,Альметьевск,54.89203,52.28391,1.3579185370644744,95.7,3.0,0,4,16,0.25,31.900000000000002,0,0,12909930,12573391.671649009,-336538.328350991,336538.328350991,2.6068176074617835,-2.6068176074617835
657,Альметьевск,54.89181444262329,52.26614889994009,2.348160593066474,78.0,3.0,0,3,10,0.3,26.0,0,0,12000000,9720987.73574759,-2279012.2642524093,2279012.2642524093,18.99176886877008,-18.99176886877008
309,Альметьевск,54.88496,52.26469,2.8099225036437168,26.6,,1,10,18,0.5555555555555556,26.6,0,0,5047350,4944958.194199775,-102391.80580022465,102391.80580022465,2.028625036905003,-2.028625036905003
709,Альметьевск,54.9067376394461,52.26732942684441,2.219003838419927,35.6,1.0,0,2,5,0.4,35.6,0,0,5300000,4637194.231809145,-662805.7681908552,662805.7681908552,12.505769211148209,-12.505769211148209
275,Альметьевск,54.90902328,52.27707291,1.7762578507036895,36.0,1.0,0,3,5,0.6,36.0,0,0,4750000,4420720.621201742,-329279.37879825756,329279.37879825756,6.93219744838437,-6.93219744838437
894,Альметьевск,54.888201,52.266669,2.502850363370952,35.8,1.0,0,6,10,0.6,35.8,0,0,4500000,5021509.120567322,521509.1205673218,521509.1205673218,11.589091568162706,11.589091568162706
165,Альметьевск,54.89041,52.28283,1.530553978685245,69.8,2.0,0,13,16,0.8125,34.9,0,0,10114020,10253309.894966692,139289.89496669173,139289.89496669173,1.3771961590613004,1.3771961590613004
513,Альметьевск,54.903283,52.308091,0.6331362142500037,82.0,3.0,0,2,6,0.3333333333333333,27.333333333333332,0,0,9900000,10670789.88551342,770789.8855134193,770789.8855134193,7.785756419327468,7.785756419327468
33,Альметьевск,54.89170456,52.26743317,2.277605745937942,39.0,1.0,0,9,10,0.9,39.0,0,0,4700000,5184639.081050241,484639.08105024137,484639.08105024137,10.311469809579602,10.311469809579602
31,Альметьевск,54.907472398386346,52.28505712515825,1.2661068595814857,91.0,3.0,0,8,9,0.8888888888888888,30.333333333333332,0,0,8880000,11119735.920502871,2239735.9205028713,2239735.9205028713,25.222251357014315,25.222251357014315
673,Альметьевск,54.909054,52.314738,1.3788829435063168,49.0,2.0,0,5,5,1.0,24.5,1,0,6500000,4892296.359061551,-1607703.6409384487,1607703.6409384487,24.733902168283826,-24.733902168283826
404,Альметьевск,54.90055466,52.26032639,2.5373702303390337,70.0,3.0,0,5,10,0.5,23.333333333333332,0,0,8050000,8236548.10532871,186548.10532870982,186548.10532870982,2.317367768058507,2.317367768058507
518,Альметьевск,54.90725327,52.31985855,1.504113344722522,50.7,2.0,0,9,9,1.0,25.35,1,0,5650000,5627051.785976775,-22948.21402322501,22948.21402322501,0.4061630800570798,-0.4061630800570798
430,Альметьевск,54.90502548,52.33177185,2.106753446256836,61.7,4.0,0,1,5,0.2,15.425,0,1,5400000,5458729.943191997,58729.943191996776,58729.943191996776,1.0875915405925327,1.0875915405925327
109,Альметьевск,54.898401,52.314621,0.9516090704124457,12.7,1.0,0,2,5,0.4,12.7,0,0,826812,1867483.9954918297,1040671.9954918297,1040671.9954918297,125.86561340326818,125.86561340326818
77,Альметьевск,54.900777,52.360696,3.8816847093857936,56.2,3.0,0,3,4,0.75,18.733333333333334,0,0,4350000,4966847.226838804,616847.2268388039,616847.2268388039,14.180396019282849,14.180396019282849
412,Альметьевск,54.908412,52.298272,0.9418728618763124,33.0,1.0,0,2,5,0.4,33.0,0,0,3650000,3988772.232073846,338772.2320738458,338772.2320738458,9.281431015721802,9.281431015721802
312,Альметьевск,54.89052,52.26848,2.2745630983019747,63.4,2.0,0,7,18,0.3888888888888889,31.7,0,0,9906250,9592257.26305352,-313992.73694648035,313992.73694648035,3.1696427704376564,-3.1696427704376564
82,Альметьевск,54.91117096,52.26095581,2.7880464000148164,103.9,4.0,0,7,9,0.7777777777777778,25.975,0,0,10800000,10432359.138830053,-367640.8611699473,367640.8611699473,3.404082047869882,-3.404082047869882
321,Альметьевск,54.904675,52.293879,0.6506739212679387,44.3,2.0,0,1,4,0.25,22.15,0,1,5000000,4389947.54637351,-610052.4536264902,610052.4536264902,12.201049072529804,-12.201049072529804
649,Альметьевск,54.90185916709112,52.32489529067598,1.605078858878354,50.0,2.0,0,7,8,0.875,25.0,0,0,7100000,5257968.647769165,-1842031.3522308348,1842031.3522308348,25.94410355254697,-25.94410355254697
693,Альметьевск,54.907325,52.328509,1.9963482657071356,28.0,1.0,0,5,5,1.0,28.0,1,0,2310000,3054649.075954819,744649.0759548191,744649.0759548191,32.235890733974855,32.235890733974855
360,Альметьевск,54.895782280780224,52.31436264482137,1.0311835857012657,17.2,,1,5,5,1.0,17.2,1,0,1850000,1710424.3347253257,-139575.6652746743,139575.6652746743,7.5446305553878,-7.5446305553878
487,Альметьевск,54.90621598333105,52.3273206423422,1.8784675455531925,27.3,1.0,0,2,9,0.2222222222222222,27.3,0,0,3000000,2838350.565334221,-161649.43466577912,161649.43466577912,5.388314488859304,-5.388314488859304
464,Альметьевск,54.90793991,52.27770233,1.6767771266311489,30.0,1.0,0,1,5,0.2,30.0,0,1,2500000,2998044.1490898454,498044.14908984536,498044.14908984536,19.921765963593817,19.921765963593817
5,Альметьевск,54.901947,52.322203,1.435987536818561,85.0,3.0,0,2,10,0.2,28.333333333333332,0,0,13500000,9746106.054148603,-3753893.945851397,3753893.945851397,27.806621821121457,-27.806621821121457
54,Альметьевск,54.89203,52.28391,1.3579185370644744,73.9,2.0,0,7,16,0.4375,36.95,0,0,10486410,10584299.335201925,97889.33520192467,97889.33520192467,0.9334875825179891,0.9334875825179891
734,Альметьевск,54.904473,52.309052,0.7630937547300354,54.0,3.0,0,2,3,0.6666666666666666,18.0,0,0,6200000,5458924.409743704,-741075.5902562961,741075.5902562961,11.952832100908003,-11.952832100908003
462,Альметьевск,54.8885231,52.26849365,2.3849009904703613,41.0,1.0,0,6,9,0.6666666666666666,41.0,0,0,7600000,6207302.638150766,-1392697.3618492344,1392697.3618492344,18.324965287489928,-18.324965287489928
323,Альметьевск,54.90890503,52.27893066,1.6717737235366446,30.0,1.0,0,1,5,0.2,30.0,0,1,3050000,2996031.278080903,-53968.721919097006,53968.721919097006,1.76946629242941,-1.76946629242941
367,Альметьевск,54.895455,52.27126,1.905898505968853,43.2,2.0,0,4,5,0.8,21.6,0,0,4000000,4535510.06258877,535510.06258877,535510.06258877,13.387751564719249,13.387751564719249
97,Альметьевск,54.90431213,52.3024025,0.5034891691420417,93.7,4.0,0,1,2,0.5,23.425,0,1,9100000,9509184.256996376,409184.25699637644,409184.25699637644,4.496530296663477,4.496530296663477
444,Альметьевск,54.901983,52.256653,2.7801955483184524,82.3,3.0,0,5,16,0.3125,27.433333333333334,0,0,9700000,9894912.209193142,194912.20919314213,194912.20919314213,2.0094042184860013,2.0094042184860013
576,Альметьевск,54.8945961,52.31316757,1.0343893192917015,45.0,2.0,0,4,9,0.4444444444444444,22.5,0,0,3800000,4178601.541638791,378601.5416387911,378601.5416387911,9.963198464178713,9.963198464178713
897,Альметьевск,54.88496399,52.26368713,2.8614552699673372,46.0,1.0,0,6,9,0.6666666666666666,46.0,0,0,5850000,6798020.722277801,948020.7222778006,948020.7222778006,16.205482432099156,16.205482432099156
578,Альметьевск,54.89999,52.265735,2.1908246859878884,91.7,3.0,0,2,9,0.2222222222222222,30.566666666666666,0,0,10300000,10491518.06894691,191518.06894690916,191518.06894690916,1.8593987276398949,1.8593987276398949
779,Альметьевск,54.88497001277194,52.26369385958505,2.8607145911489744,32.8,1.0,0,2,9,0.2222222222222222,32.8,0,0,4700000,4508236.489461186,-191763.51053881366,191763.51053881366,4.0800746923151845,-4.0800746923151845
25,Альметьевск,54.90123749,52.27485275,1.6137092372334072,61.9,3.0,0,4,5,0.8,20.633333333333333,0,0,6400000,5750336.614189111,-649663.3858108893,649663.3858108893,10.150990403295147,-10.150990403295147
84,Альметьевск,54.895362,52.300482,0.5166421479310193,61.7,3.0,0,4,5,0.8,20.566666666666666,0,0,5500000,3617394.8364616525,-1882605.1635383475,1882605.1635383475,34.229184791606315,-34.229184791606315
