,city_name,lat,lon,distance_to_center_km,house_area_m2,land_area_m2,land_to_house_ratio,house_area_share,actual_price,predicted_price,error,absolute_error,percentage_error,signed_percentage_error
272,Альметьевск,54.894326,52.342918,2.8158618956164023,44.0,660.0,15.0,0.0625,6700000,5234890.533429228,-1465109.4665707722,1465109.4665707722,21.867305471205555,-21.867305471205555
55,Альметьевск,54.8938179,52.21020126,5.782964112905894,200.0,1000.0,5.0,0.16666666666666666,14100000,19678334.148943275,5578334.148943275,5578334.148943275,39.562653538604785,39.562653538604785
238,Альметьевск,54.911466,52.335148,2.5834782433928116,128.0,980.0000000000001,7.656250000000001,0.11552346570397112,20990000,14438629.717126094,-6551370.282873906,6551370.282873906,31.211864139465966,-31.211864139465966
33,Альметьевск,54.90094089651039,52.35616489475484,3.592534031469722,400.0,700.0,1.75,0.36363636363636365,25990000,23306068.865290757,-2683931.1347092427,2683931.1347092427,10.326783896534215,-10.326783896534215
286,Альметьевск,54.885228,52.45863,10.276412793155254,42.0,860.0,20.476190476190474,0.04656319290465632,3100000,3409593.2493264526,309593.2493264526,309593.2493264526,9.986879010530728,9.986879010530728
371,Альметьевск,54.905187,52.548415,15.892513587596605,56.2,3180.0,56.58362989323843,0.01736604659786169,750000,1934540.2083187508,1184540.2083187508,1184540.2083187508,157.9386944425001,157.9386944425001
258,Альметьевск,54.939806,52.270532,4.8101819248333895,279.9,1000.0,3.572704537334763,0.21868896007500582,17300000,20518147.971425958,3218147.971425958,3218147.971425958,18.602011395525768,18.602011395525768
108,Альметьевск,54.79487228,52.13616943,15.705384670962227,53.3,3300.0,61.91369606003752,0.015894790206662093,2050000,1811785.1455731073,-238214.8544268927,238214.8544268927,11.62023680131184,-11.62023680131184
253,Альметьевск,54.964246,52.344122,7.679841299939071,100.0,1019.9999999999999,10.2,0.08928571428571429,26000000,7903290.450812515,-18096709.549187485,18096709.549187485,69.60272903533648,-69.60272903533648
203,Альметьевск,54.79563188217177,52.01160221603253,21.80769737667168,120.0,5000.0,41.666666666666664,0.0234375,2000000,6690311.165688943,4690311.165688943,4690311.165688943,234.51555828444714,234.51555828444714
30,Альметьевск,54.86929125477719,52.267542684560574,3.9962239512160753,50.0,800.0,16.0,0.058823529411764705,1100000,4627567.3781262385,3527567.3781262385,3527567.3781262385,320.6879434660217,320.6879434660217
262,Альметьевск,54.91742706,52.33189774,2.812951658691883,342.0,1000.0,2.9239766081871346,0.2548435171385991,22500000,23054786.033543225,554786.0335432254,554786.0335432254,2.4657157046365574,2.4657157046365574
360,Альметьевск,54.91940787968314,52.37130024824788,5.042776222277419,210.0,1100.0,5.238095238095238,0.16030534351145037,12000000,16583009.431646384,4583009.431646384,4583009.431646384,38.191745263719866,38.191745263719866
82,Альметьевск,54.93233109,52.19194794,7.78554936086434,72.4,1700.0,23.48066298342541,0.040848566914917624,7000000,4946992.497654388,-2053007.5023456123,2053007.5023456123,29.32867860493732,-29.32867860493732
73,Альметьевск,54.89644241,52.23296356,4.3045583111610695,115.0,600.0,5.217391304347826,0.16083916083916083,17000000,19406592.739035804,2406592.739035804,2406592.739035804,14.1564278766812,14.1564278766812
56,Альметьевск,54.83352661,52.27714539,7.534796781575385,174.2,900.0,5.1664753157290475,0.16216719419102585,8000000,10913583.73342648,2913583.7334264796,2913583.7334264796,36.419796667830994,36.419796667830994
307,Альметьевск,54.88913727,52.2081337,5.997401664468923,154.0,1400.0,9.090909090909092,0.0990990990990991,11300000,16972894.800467923,5672894.800467923,5672894.800467923,50.202608853698436,50.202608853698436
289,Альметьевск,54.891064,51.985937,20.107232750363117,72.7,2000.0,27.51031636863824,0.03507502291696821,4500000,4173800.5949678477,-326199.4050321523,326199.4050321523,7.248875667381162,-7.248875667381162
311,Альметьевск,54.92648697,52.14875793,10.105588024247586,167.2,1000.0,5.980861244019139,0.14324880054832076,5500000,10661924.10145986,5161924.101459861,5161924.101459861,93.85316548108837,93.85316548108837
79,Альметьевск,54.91337585,52.33880234,2.892250831263616,54.0,950.0,17.59259259259259,0.053784860557768925,9500000,5494613.10435013,-4005386.89564987,4005386.89564987,42.16196732263021,-42.16196732263021
382,Альметьевск,54.86807251,52.45211029,10.356907789549082,130.0,600.0,4.615384615384615,0.1780821917808219,8500000,8300248.702605706,-199751.2973942943,199751.2973942943,2.3500152634622857,-2.3500152634622857
9,Альметьевск,54.896014,52.483019,11.710774086423177,176.0,1500.0,8.522727272727273,0.10501193317422435,6000000,9703989.668790895,3703989.6687908955,3703989.6687908955,61.733161146514924,61.733161146514924
410,Альметьевск,55.011701,52.4839,17.092131015493976,126.6,1280.0,10.110584518167457,0.09000426560500498,9000000,7224829.92632829,-1775170.0736717097,1775170.0736717097,19.724111929685666,-19.724111929685666
70,Альметьевск,54.93346024,52.36977005,5.807437075838979,41.5,700.0,16.867469879518072,0.055967633175994604,2600000,6810691.3425808605,4210691.3425808605,4210691.3425808605,161.9496670223408,161.9496670223408
220,Альметьевск,54.81364,52.085766,16.740388215550542,37.5,1200.0,32.0,0.030303030303030304,2100000,1382967.1179640647,-717032.8820359353,717032.8820359353,34.14442295409216,-34.14442295409216
113,Альметьевск,54.823211,52.348066,9.07576569053068,43.5,2130.0,48.96551724137931,0.020013802622498276,3999999,2521830.4394802065,-1478168.5605197935,1478168.5605197935,36.95422325155065,-36.95422325155065
361,Альметьевск,54.9671936,52.34436417,7.991067295607974,280.0,600.0,2.142857142857143,0.3181818181818182,28000000,9090508.835796721,-18909491.16420328,18909491.16420328,67.53389701501172,-67.53389701501172
357,Альметьевск,54.88848927670204,52.1996667376626,6.542413211693237,125.0,900.0,7.2,0.12195121951219512,10500000,15072346.332354588,4572346.332354588,4572346.332354588,43.546155546234175,43.546155546234175
391,Альметьевск,54.89749146,52.36229324,3.9927636181108466,250.0,1200.0,4.8,0.1724137931034483,20000000,19697307.596469924,-302692.40353007615,302692.40353007615,1.5134620176503808,-1.5134620176503808
184,Альметьевск,54.871295,52.435732,9.249647249073547,83.3,600.0,7.202881152460985,0.12190838577491585,8500000,6814831.565368227,-1685168.4346317733,1685168.4346317733,19.825510995667923,-19.825510995667923
407,Альметьевск,54.894067,52.197786,6.569016939741867,43.9,1370.0,31.20728929384966,0.031048871914562553,6100000,6540424.708385274,440424.7083852738,440424.7083852738,7.220077186643834,7.220077186643834
180,Альметьевск,54.900368,52.24387,3.589038020752979,239.3,600.0,2.5073129962390306,0.2851185511735971,16980000,22858834.230826426,5878834.230826426,5878834.230826426,34.62210972218154,34.62210972218154
78,Альметьевск,55.050334,52.367802,17.26731589316205,80.2,1000.0,12.468827930174562,0.07424551009072394,9700000,8693587.798734656,-1006412.2012653444,1006412.2012653444,10.375383518199428,-10.375383518199428
305,Альметьевск,54.82672882,52.35640335,8.91116736579914,163.0,900.0,5.521472392638037,0.1533396048918156,17499500,10615569.52454884,-6883930.47545116,6883930.47545116,39.33786951313557,-39.33786951313557
284,Альметьевск,54.8136614609412,52.09422661097814,16.298364401381534,49.0,2800.0,57.142857142857146,0.0171990171990172,890000,1481597.7345257625,591597.7345257625,591597.7345257625,66.47165556469241,66.47165556469241
318,Альметьевск,54.87808535638817,52.272157453689545,3.018074280303457,230.0,1140.0,4.956521739130435,0.1678832116788321,15300000,14237684.696884902,-1062315.3031150978,1062315.3031150978,6.943237275262078,-6.943237275262078
310,Альметьевск,54.89936447,52.32188797,1.401259846709335,25.0,100.0,4.0,0.2,100000,5016143.630974362,4916143.630974362,4916143.630974362,4916.143630974361,4916.143630974361
126,Альметьевск,54.923839639724804,52.15699633601825,9.51723566225908,164.0,1000.0,6.097560975609756,0.140893470790378,10390000,12533685.947146084,2143685.947146084,2143685.947146084,20.63220353364855,20.63220353364855
15,Альметьевск,55.0487442,52.36101151,16.99174561946232,60.0,1380.0,23.0,0.041666666666666664,1590000,3695581.96141167,2105581.96141167,2105581.96141167,132.42653845356415,132.42653845356415
356,Альметьевск,55.04776001,52.3420105,16.647482207369908,180.0,1800.0,10.0,0.09090909090909091,13950000,10944491.34397532,-3005508.6560246795,3005508.6560246795,21.54486491773964,-21.54486491773964
0,Альметьевск,54.9119563122538,52.330897132522,2.38095034488144,193.0,700.0,3.626943005181347,0.21612541993281076,11900000,18655820.293258663,6755820.293258663,6755820.293258663,56.77159910301398,56.77159910301398
181,Альметьевск,54.912185,52.137887,10.451750075390258,57.0,730.0,12.807017543859649,0.0724269377382465,4100000,5015438.418481346,915438.4184813462,915438.4184813462,22.327766304423076,22.327766304423076
335,Альметьевск,54.896258,52.200499,6.3757487129935875,54.8,1250.0,22.810218978102192,0.04199877375843041,5200000,7304679.136562501,2104679.136562501,2104679.136562501,40.4745987800481,40.4745987800481
244,Альметьевск,54.88757324,52.35069656,3.5241161766665634,94.0,660.0,7.0212765957446805,0.1246684350132626,5250000,6403660.897220781,1153660.897220781,1153660.897220781,21.97449328039583,21.97449328039583
337,Альметьевск,54.92157498460778,52.37809793915213,5.538593686533205,90.0,800.0,8.88888888888889,0.10112359550561797,4900000,9146801.874222677,4246801.874222677,4246801.874222677,86.66942600454443,86.66942600454443
354,Альметьевск,54.98535048972198,52.22301859007919,10.688554971250687,81.8,360.0,4.400977995110025,0.18515165233137165,3200000,4601683.161376137,1401683.1613761373,1401683.1613761373,43.802598793004286,43.802598793004286
72,Альметьевск,55.04875565,52.34398651,16.77739034454356,74.8,900.0,12.032085561497327,0.07673368896183833,4500000,7025587.811500219,2525587.8115002187,2525587.8115002187,56.12417358889375,56.12417358889375
90,Альметьевск,54.899074,52.310929,0.7063281774383994,246.0,700.0,2.845528455284553,0.26004228329809725,19490000,29928740.048019633,10438740.048019633,10438740.048019633,53.55946663940294,53.55946663940294
114,Альметьевск,54.86644,52.268654,4.236239245510538,104.0,650.0,6.25,0.13793103448275862,6400000,7739252.4585972,1339252.4585972,1339252.4585972,20.92581966558125,20.92581966558125
94,Альметьевск,54.926232,52.191207,7.540696057625642,82.9,919.9999999999999,11.097708082026536,0.08266028517299832,6500000,8584693.222893143,2084693.222893143,2084693.222893143,32.07220342912528,32.07220342912528
271,Альметьевск,54.915187,52.08476,13.862585289015216,180.0,1100.0,6.111111111111111,0.140625,11000000,11011401.301571174,11401.301571173593,11401.301571173593,0.10364819610157812,0.10364819610157812
399,Альметьевск,54.888884,52.33566,2.5937839349685,162.6,720.0,4.428044280442805,0.18422841604350781,13000000,12414281.26936887,-585718.7306311298,585718.7306311298,4.5055286971625375,-4.5055286971625375
93,Альметьевск,54.836305537925476,52.270040427866206,7.337365776586197,75.0,900.0,12.0,0.07692307692307693,4800000,4622125.414970028,-177874.5850299718,177874.5850299718,3.7057205214577458,-3.7057205214577458
42,Альметьевск,54.84493502924378,52.0686330568323,16.019492488691107,200.0,4000.0,20.0,0.047619047619047616,7000000,8705472.136618655,1705472.1366186552,1705472.1366186552,24.363887665980787,24.363887665980787
173,Альметьевск,54.88037109,52.27405167,2.7418552389420188,30.5,430.0,14.098360655737705,0.06623235613463627,5100000,5641604.322421635,541604.3224216346,541604.3224216346,10.619692596502638,10.619692596502638
140,Альметьевск,54.97844887680407,52.22124327553102,10.06974819845803,154.0,700.0,4.545454545454546,0.18032786885245902,5500000,8494622.701203533,2994622.7012035325,2994622.7012035325,54.447685476427864,54.447685476427864
39,Альметьевск,54.961512,52.539577,16.76500447853098,194.0,4970.0,25.61855670103093,0.03756777691711851,2800000,7211994.273630577,4411994.273630577,4411994.273630577,157.5712240582349,157.5712240582349
400,Альметьевск,54.88401794,52.39670944,6.434864067161514,84.0,1490.0,17.738095238095237,0.053367217280813214,14500000,5586196.766326192,-8913803.233673807,8913803.233673807,61.474505059819364,-61.474505059819364
25,Альметьевск,54.89404678,52.1999054,6.434429569841486,76.6,500.0,6.527415143603133,0.1328477280610475,10000000,9713886.486962482,-286113.51303751767,286113.51303751767,2.861135130375177,-2.861135130375177
155,Альметьевск,54.91775894,52.34272766,3.370382669598552,118.0,800.0,6.779661016949152,0.12854030501089325,13500000,13934217.096773524,434217.09677352384,434217.09677352384,3.21642293906314,3.21642293906314
195,Альметьевск,54.902196,52.368835,4.407797984278577,98.8,1200.0,12.145748987854251,0.07607021866338158,5900000,9222429.726430397,3322429.7264303975,3322429.7264303975,56.31236824458301,56.31236824458301
137,Альметьевск,54.91217422,52.14183044,10.201675831236416,40.1,1500.0,37.40648379052369,0.026037270307122915,2300000,3476028.5165860383,1176028.5165860383,1176028.5165860383,51.131674634175575,51.131674634175575
77,Альметьевск,54.90811539,52.35725403,3.7699139503136383,110.0,670.0,6.090909090909091,0.14102564102564102,8900000,10406537.926162476,1506537.9261624757,1506537.9261624757,16.927392428791862,16.927392428791862
229,Альметьевск,55.04429245,52.3708725,16.67000242999346,150.0,1000.0,6.666666666666667,0.13043478260869565,12800000,8523681.924020465,-4276318.075979535,4276318.075979535,33.40873496859012,-33.40873496859012
22,Альметьевск,54.882033,52.273218,2.6315224279301104,320.0,600.0,1.875,0.34782608695652173,15500000,19926840.065163072,4426840.065163072,4426840.065163072,28.560258484923047,28.560258484923047
46,Альметьевск,54.90204,52.240052,3.8395446058004983,298.0,600.0,2.0134228187919465,0.33184855233853006,22900000,22171702.291076362,-728297.7089236379,728297.7089236379,3.1803393402778948,-3.1803393402778948
76,Альметьевск,54.977733,52.214765,10.215308459302898,196.0,1500.0,7.653061224489796,0.11556603773584906,17500000,9720813.81749444,-7779186.182505559,7779186.182505559,44.45249247146034,-44.45249247146034
321,Альметьевск,55.01053096072796,52.485025177276626,17.047647823288404,181.0,600.0,3.314917127071823,0.23175416133162613,9990000,3621075.9415190006,-6368924.058480999,6368924.058480999,63.752993578388384,-63.752993578388384
209,Альметьевск,54.905146,52.371278,4.5928419582364635,83.0,600.0,7.228915662650603,0.12152269399707175,6200000,6948379.232380604,748379.2323806044,748379.2323806044,12.070632780332328,12.070632780332328
148,Альметьевск,54.89821625,52.33910751,2.5083524533821793,98.0,600.0,6.122448979591836,0.14040114613180515,12200000,12068852.49460233,-131147.50539766997,131147.50539766997,1.0749795524399177,-1.0749795524399177
57,Альметьевск,54.82569504,52.36523056,9.257046651263396,95.3,1200.0,12.591815320041974,0.07357368949278159,7500000,5666111.560844066,-1833888.4391559344,1833888.4391559344,24.451845855412458,-24.451845855412458
408,Альметьевск,54.89851709023264,52.240641582948996,3.7988887436559495,210.0,350.0,1.6666666666666667,0.375,19800000,8596038.04735508,-11203961.95264492,11203961.95264492,56.58566642749959,-56.58566642749959
24,Альметьевск,54.82275277777514,52.163321590293435,12.259456522321384,86.0,3700.0,43.02325581395349,0.02271526677231907,5250000,3970036.570920507,-1279963.429079493,1279963.429079493,24.380255791990344,-24.380255791990344
17,Альметьевск,54.85564837233969,52.58755698187569,19.04541916180508,108.0,3000.0,27.77777777777778,0.03474903474903475,1850000,6413113.962854384,4563113.962854384,4563113.962854384,246.6548088029397,246.6548088029397
388,Альметьевск,54.904427,52.338076,2.4836289189754326,98.0,800.0,8.16326530612245,0.1091314031180401,7050000,11550556.72669642,4500556.72669642,4500556.72669642,63.83768406661589,63.83768406661589
390,Альметьевск,54.869865,52.44008,9.565832228690844,80.8,600.0,7.425742574257426,0.11868390129259695,10000000,6429053.977953537,-3570946.0220464626,3570946.0220464626,35.70946022046463,-35.70946022046463
31,Альметьевск,54.86350659220453,52.44647781552393,10.210656185384611,100.0,600.0,6.0,0.14285714285714285,4000000,7863092.234792425,3863092.2347924253,3863092.2347924253,96.57730586981063,96.57730586981063
281,Альметьевск,55.038746288711565,52.36183955345669,15.924786687850043,280.0,2900.0,10.357142857142858,0.0880503144654088,13000000,14160632.394798234,1160632.394798234,1160632.394798234,8.927941498447954,8.927941498447954
153,Альметьевск,54.72303391,52.24055481,20.043017029735523,44.4,4000.0,90.09009009009009,0.010978142616951835,1000000,1108648.2891307445,108648.28913074452,108648.28913074452,10.864828913074453,10.864828913074453
198,Альметьевск,54.9676,52.5362,16.85797929187862,65.0,2080.0,32.0,0.030303030303030304,2300000,2412074.855078808,112074.85507880803,112074.85507880803,4.872819786035132,4.872819786035132
84,Альметьевск,54.924221622339395,52.360341737666374,4.704257399771195,170.0,800.0,4.705882352941177,0.17525773195876287,21000000,16621414.254831897,-4378585.745168103,4378585.745168103,20.8504083103243,-20.8504083103243
406,Альметьевск,54.959635,52.523893,15.76682335998176,37.6,2290.0,60.90425531914893,0.016153978346794984,1000000,1325580.6141871235,325580.6141871235,325580.6141871235,32.55806141871235,32.55806141871235
172,Альметьевск,54.8650322,52.44280243,9.92753605506703,116.0,600.0,5.172413793103448,0.16201117318435754,15200000,8753293.372947263,-6446706.627052737,6446706.627052737,42.41254359903117,-42.41254359903117
