listing_id,url,formatted_address,city_name,lat,lon,distance_to_center_km,actual_price,predicted_price,error,absolute_error,percentage_error,signed_percentage_error
7567039112,https://www.avito.ru/almetevsk/zemelnye_uchastki/uchastok_80_sot._izhs_7567039112?context=H4sIAAAAAAAA_wE_AMD_YToyOntzOjEzOiJsb2NhbFByaW9yaXR5IjtiOjA7czoxOiJ4IjtzOjE2OiJMQmVjd0tyY09RRlZhd1hiIjt90pIAST8AAAA,Садовое общество Строитель-2,Альметьевск,54.920000686884144,52.259466301431004,3.414567991372198,50000000,24244796.05350009,-25755203.94649991,25755203.94649991,51.51040789299982,-51.51040789299982
8328904617,https://www.avito.ru/almetevsk/zemelnye_uchastki/uchastok_281_sot._izhs_8328904617?context=H4sIAAAAAAAA_wE_AMD_YToyOntzOjEzOiJsb2NhbFByaW9yaXR5IjtiOjA7czoxOiJ4IjtzOjE2OiJhSmdUbGs1ZER6bEI3RnNrIjt9JNk_Sz8AAAA,Садоводческое некоммерческое объединение граждан Геофизика,Альметьевск,54.88655243000441,52.344273050745045,3.2018046307221963,20500000,5908682.527298481,-14591317.47270152,14591317.47270152,71.17715840342204,-71.17715840342204
7848617732,https://www.avito.ru/almetevsk/zemelnye_uchastki/uchastok_45_sot._promnaznacheniya_7848617732?context=H4sIAAAAAAAA_wE_AMD_YToyOntzOjEzOiJsb2NhbFByaW9yaXR5IjtiOjA7czoxOiJ4IjtzOjE2OiJsU0ZQdW9rc2tOOGdveG1LIjt9kuIszD8AAAA,"Республика Татарстан (Татарстан), Альметьевский р-н, муниципальное образование Альметьевск, Альметьевск",Альметьевск,54.91936874536617,52.24925064513963,3.893851845354942,23500000,12837546.415468367,-10662453.584531633,10662453.584531633,45.372142912900564,-45.372142912900564
7903841000,https://www.avito.ru/almetevsk/zemelnye_uchastki/uchastok_162_sot._izhs_7903841000?context=H4sIAAAAAAAA_wE_AMD_YToyOntzOjEzOiJsb2NhbFByaW9yaXR5IjtiOjA7czoxOiJ4IjtzOjE2OiJsU0ZQdW9rc2tOOGdveG1LIjt9kuIszD8AAAA,"Мкр-н Старое Альметьево, ул. Гатина, 2А",Альметьевск,54.914809,52.331357,2.5941651660160097,6500000,10927084.731959438,4427084.731959438,4427084.731959438,68.10899587629905,68.10899587629905
7914330502,https://www.avito.ru/almetevsk/zemelnye_uchastki/uchastok_26_sot._snt_dnp_7914330502?context=H4sIAAAAAAAA_wE_AMD_YToyOntzOjEzOiJsb2NhbFByaW9yaXR5IjtiOjA7czoxOiJ4IjtzOjE2OiJhSmdUbGs1ZER6bEI3RnNrIjt9JNk_Sz8AAAA,"С. Калейкино, ул. Токарликова, 101",Альметьевск,54.93019104,52.18616104,8.013008248006864,4150000,1344998.9394938636,-2805001.060506136,2805001.060506136,67.59038700014786,-67.59038700014786
4490508470,https://www.avito.ru/almetevsk/zemelnye_uchastki/uchastok_12_sot._izhs_4490508470?context=H4sIAAAAAAAA_wE_AMD_YToyOntzOjEzOiJsb2NhbFByaW9yaXR5IjtiOjA7czoxOiJ4IjtzOjE2OiJwTWxGRk9EMG1pazdNcnIyIjt9Ds2uND8AAAA,Мкр-н Старое Альметьево,Альметьевск,54.91678520077778,52.331215196479306,2.7322558475051637,6000000,8684191.7509348,2684191.7509348,2684191.7509348,44.73652918224667,44.73652918224667
7948805340,https://www.avito.ru/almetevsk/zemelnye_uchastki/uchastok_4_sot._izhs_7948805340?context=H4sIAAAAAAAA_wE_AMD_YToyOntzOjEzOiJsb2NhbFByaW9yaXR5IjtiOjA7czoxOiJ4IjtzOjE2OiI4cXRwM1RsRUpSd3Z6VXpsIjt9MFuu-T8AAAA,"Мкр-н Урсала, Лесная ул.",Альметьевск,54.93759918,52.37474442,6.347973132585908,3800000,1421726.958126202,-2378273.041873798,2378273.041873798,62.58613268088942,-62.58613268088942
7902806235,https://www.avito.ru/almetevsk/zemelnye_uchastki/uchastok_73_sot._izhs_7902806235?context=H4sIAAAAAAAA_wE_AMD_YToyOntzOjEzOiJsb2NhbFByaW9yaXR5IjtiOjA7czoxOiJ4IjtzOjE2OiJ1WFBHcTg1R0tsVEVocFBOIjt9dpYT8D8AAAA,"Ул. Тургенева, 22",Альметьевск,54.90767809658273,52.34587174698348,3.054401362361829,6200000,3922404.211324301,-2277595.788675699,2277595.788675699,36.73541594638224,-36.73541594638224
7916228923,https://www.avito.ru/almetevsk/zemelnye_uchastki/uchastok_165_sot._izhs_7916228923?context=H4sIAAAAAAAA_wE_AMD_YToyOntzOjEzOiJsb2NhbFByaW9yaXR5IjtiOjA7czoxOiJ4IjtzOjE2OiJIVURscWRRRnBtbm5EZDVVIjt9NWTjzT8AAAA,Пос. Сосновка,Альметьевск,55.04862058401349,52.36634412269974,17.05963207872305,3490000,1474908.677043935,-2015091.322956065,2015091.322956065,57.73900638842593,-57.73900638842593
7839166699,https://www.avito.ru/almetevsk/zemelnye_uchastki/uchastok_15_sot._izhs_7839166699?context=H4sIAAAAAAAA_wE_AMD_YToyOntzOjEzOiJsb2NhbFByaW9yaXR5IjtiOjA7czoxOiJ4IjtzOjE2OiJsU0ZQdW9rc2tOOGdveG1LIjt9kuIszD8AAAA,"Д. Нолинка, Лесная ул., 21",Альметьевск,54.979645,52.217442,10.307229852597345,2600000,4457052.211193948,1857052.211193948,1857052.211193948,71.42508504592108,71.42508504592108
7622585076,https://www.avito.ru/almetevsk/zemelnye_uchastki/uchastok_11_sot._izhs_7622585076?context=H4sIAAAAAAAA_wE_AMD_YToyOntzOjEzOiJsb2NhbFByaW9yaXR5IjtiOjA7czoxOiJ4IjtzOjE2OiJRcGtibTBYSlNmOUk3SUNoIjt9aWUt3D8AAAA,Садоводческое некоммерческое объединение граждан Пожарник,Альметьевск,54.88679677159347,52.33567078569713,2.7126998520099974,4500000,6356045.656532536,1856045.6565325363,1856045.6565325363,41.24545903405636,41.24545903405636
7492771804,https://www.avito.ru/almetevsk/zemelnye_uchastki/uchastok_11_sot._izhs_7492771804?context=H4sIAAAAAAAA_wE_AMD_YToyOntzOjEzOiJsb2NhbFByaW9yaXR5IjtiOjA7czoxOiJ4IjtzOjE2OiJCeVoyWkZZWFV6cjZKM2NkIjt9ai4Iyj8AAAA,С. Кульшарипово,Альметьевск,54.89842050772082,52.20394847918294,6.143940923197589,2300000,3943909.378825385,1643909.3788253851,1643909.3788253851,71.474320818495,71.474320818495
8281233724,https://www.avito.ru/almetevsk/zemelnye_uchastki/uchastok_14_sot._izhs_8281233724?context=H4sIAAAAAAAA_wE_AMD_YToyOntzOjEzOiJsb2NhbFByaW9yaXR5IjtiOjA7czoxOiJ4IjtzOjE2OiJxdUt6U0RSOFhsWHFEb1ZJIjt9kCs1ED8AAAA,"С. Калейкино, ул. Токарликова",Альметьевск,54.93216324,52.18927765,7.928897077766693,1000000,2560633.958745153,1560633.9587451532,1560633.9587451532,156.06339587451532,156.06339587451532
1892460913,https://www.avito.ru/almetevsk/zemelnye_uchastki/uchastok_25_sot._izhs_1892460913?context=H4sIAAAAAAAA_wE_AMD_YToyOntzOjEzOiJsb2NhbFByaW9yaXR5IjtiOjA7czoxOiJ4IjtzOjE2OiJCeVoyWkZZWFV6cjZKM2NkIjt9ai4Iyj8AAAA,Пос. Малый Шуган,Альметьевск,55.00964225455731,52.35101483804446,12.619302409515221,550000,1965386.537097052,1415386.537097052,1415386.537097052,257.34300674491857,257.34300674491857
7677352959,https://www.avito.ru/almetevsk/zemelnye_uchastki/uchastok_10_sot._izhs_7677352959?context=H4sIAAAAAAAA_wE_AMD_YToyOntzOjEzOiJsb2NhbFByaW9yaXR5IjtiOjA7czoxOiJ4IjtzOjE2OiJ1WFBHcTg1R0tsVEVocFBOIjt9dpYT8D8AAAA,"С. Кульшарипово, ул. Тукая, 55",Альметьевск,54.894637,52.1982,6.536546554117824,2500000,3780478.6963979797,1280478.6963979797,1280478.6963979797,51.21914785591919,51.21914785591919
8137905864,https://www.avito.ru/almetevsk/zemelnye_uchastki/uchastok_6_sot._izhs_8137905864?context=H4sIAAAAAAAA_wE_AMD_YToyOntzOjEzOiJsb2NhbFByaW9yaXR5IjtiOjA7czoxOiJ4IjtzOjE2OiJJMWpDZlFsazZoZEN4ZWVBIjt9qjaTWj8AAAA,"Весенняя ул., 20",Альметьевск,54.930003012121745,52.38402100808396,6.3220362572245765,4350000,3069711.7572361757,-1280288.2427638243,1280288.2427638243,29.43191362675458,-29.43191362675458
8055172820,https://www.avito.ru/almetevsk/zemelnye_uchastki/uchastok_20_sot._izhs_8055172820?context=H4sIAAAAAAAA_wE_AMD_YToyOntzOjEzOiJsb2NhbFByaW9yaXR5IjtiOjA7czoxOiJ4IjtzOjE2OiJFb0JQd3lLWjZQSTQ3d0FMIjt9EzJZ5j8AAAA,"Д. Болгар-2, ул. Ирня, 7А",Альметьевск,55.06131442341274,52.398154072830145,18.999353113880773,2000000,734416.1301445939,-1265583.8698554062,1265583.8698554062,63.27919349277031,-63.27919349277031
8397708341,https://www.avito.ru/almetevsk/zemelnye_uchastki/uchastok_17_sot._snt_dnp_8397708341?context=H4sIAAAAAAAA_wE_AMD_YToyOntzOjEzOiJsb2NhbFByaW9yaXR5IjtiOjA7czoxOiJ4IjtzOjE2OiI4cXRwM1RsRUpSd3Z6VXpsIjt9MFuu-T8AAAA,"Республика Татарстан (Татарстан), Альметьевский район, Новоникольское сельское поселение",Альметьевск,54.98469925,52.33514023,9.681866150956251,150000,1390073.3199106276,1240073.3199106276,1240073.3199106276,826.715546607085,826.715546607085
7947091376,https://www.avito.ru/almetevsk/zemelnye_uchastki/uchastok_20_sot._izhs_7947091376?context=H4sIAAAAAAAA_wE_AMD_YToyOntzOjEzOiJsb2NhbFByaW9yaXR5IjtiOjA7czoxOiJ4IjtzOjE2OiI4cXRwM1RsRUpSd3Z6VXpsIjt9MFuu-T8AAAA,Д. Юкале,Альметьевск,55.03448868,52.50295258,19.78529187922737,2000000,818575.701356283,-1181424.298643717,1181424.298643717,59.07121493218585,-59.07121493218585
4388503179,https://www.avito.ru/almetevsk/zemelnye_uchastki/uchastok_82_sot._snt_dnp_4388503179?context=H4sIAAAAAAAA_wE_AMD_YToyOntzOjEzOiJsb2NhbFByaW9yaXR5IjtiOjA7czoxOiJ4IjtzOjE2OiJCeVoyWkZZWFV6cjZKM2NkIjt9ai4Iyj8AAAA,Садоводческое некоммерческое объединение граждан Монтажник,Альметьевск,54.88641064686006,52.33823194979392,2.8741490858847727,1000000,2098096.932133191,1098096.9321331908,1098096.9321331908,109.80969321331908,109.80969321331908
4395599601,https://www.avito.ru/almetevsk/zemelnye_uchastki/uchastok_15_sot._izhs_4395599601?context=H4sIAAAAAAAA_wE_AMD_YToyOntzOjEzOiJsb2NhbFByaW9yaXR5IjtiOjA7czoxOiJ4IjtzOjE2OiIxbndMZVRMRUpDeG1lcWIwIjt9I0doDz8AAAA,С. Новое Надырово,Альметьевск,54.89238931113899,52.4622839151868,10.411483448503612,1000000,2087942.403760384,1087942.403760384,1087942.403760384,108.7942403760384,108.7942403760384
8429367773,https://www.avito.ru/almetevsk/zemelnye_uchastki/uchastok_12_sot._izhs_8429367773?context=H4sIAAAAAAAA_wE_AMD_YToyOntzOjEzOiJsb2NhbFByaW9yaXR5IjtiOjA7czoxOiJ4IjtzOjE2OiJUN1VjQkt1SExaZlI1TVhpIjt9QPOwbj8AAAA,"С. Новое Каширово, ул. Мусы Джалиля, 99",Альметьевск,54.96694946,52.54785919,17.497035033363172,1750000,744332.1517847942,-1005667.8482152058,1005667.8482152058,57.46673418372604,-57.46673418372604
7670307640,https://www.avito.ru/almetevsk/zemelnye_uchastki/uchastok_187_sot._izhs_7670307640?context=H4sIAAAAAAAA_wE_AMD_YToyOntzOjEzOiJsb2NhbFByaW9yaXR5IjtiOjA7czoxOiJ4IjtzOjE2OiJhSmdUbGs1ZER6bEI3RnNrIjt9JNk_Sz8AAAA,"Д. Нолинка, Центральная ул., 11",Альметьевск,54.9778771751992,52.211953130773864,10.325591278333444,2900000,3804838.602576313,904838.6025763131,904838.6025763131,31.20133112332114,31.20133112332114
8227432936,https://www.avito.ru/almetevsk/zemelnye_uchastki/uchastok_6_sot._izhs_8227432936?context=H4sIAAAAAAAA_wE_AMD_YToyOntzOjEzOiJsb2NhbFByaW9yaXR5IjtiOjA7czoxOiJ4IjtzOjE2OiJzN1lPSXVRTllabGQ3bzF5Ijt96LKhFT8AAAA,"Магистральная ул., 17",Альметьевск,54.93172073,52.38231659,6.33401505732618,3850000,3009275.73771628,-840724.2622837201,840724.2622837201,21.836993825551172,-21.836993825551172
2997382387,https://www.avito.ru/almetevsk/zemelnye_uchastki/uchastok_72_sot._izhs_2997382387?context=H4sIAAAAAAAA_wE_AMD_YToyOntzOjEzOiJsb2NhbFByaW9yaXR5IjtiOjA7czoxOiJ4IjtzOjE2OiJjZ2ZoVEtidmJoSjltOEpFIjt9vhiYDT8AAAA,Шоссейная ул.,Альметьевск,54.890314,52.347697,3.2345806483318307,2300000,3117481.4133131574,817481.4133131574,817481.4133131574,35.54267014405032,35.54267014405032
4230011641,https://www.avito.ru/almetevsk/zemelnye_uchastki/uchastok_12_sot._izhs_4230011641?context=H4sIAAAAAAAA_wE_AMD_YToyOntzOjEzOiJsb2NhbFByaW9yaXR5IjtiOjA7czoxOiJ4IjtzOjE2OiJUN1VjQkt1SExaZlI1TVhpIjt9QPOwbj8AAAA,Д. Болгар-2,Альметьевск,55.06030273,52.38767242,18.68214463413242,1800000,985986.3166399458,-814013.6833600542,814013.6833600542,45.2229824088919,-45.2229824088919
8223520988,https://www.avito.ru/almetevsk/zemelnye_uchastki/uchastok_10_sot._izhs_8223520988?context=H4sIAAAAAAAA_wE_AMD_YToyOntzOjEzOiJsb2NhbFByaW9yaXR5IjtiOjA7czoxOiJ4IjtzOjE2OiJzN1lPSXVRTllabGQ3bzF5Ijt96LKhFT8AAAA,"Республика Татарстан (Татарстан), Альметьевский район, Новокашировское сельское поселение",Альметьевск,55.01742935,52.43086243,15.50169727631778,520000,1317537.5313677883,797537.5313677883,797537.5313677883,153.37260218611314,153.37260218611314
3650302684,https://www.avito.ru/almetevsk/zemelnye_uchastki/uchastok_15_sot._izhs_3650302684?context=H4sIAAAAAAAA_wE_AMD_YToyOntzOjEzOiJsb2NhbFByaW9yaXR5IjtiOjA7czoxOiJ4IjtzOjE2OiI4cXRwM1RsRUpSd3Z6VXpsIjt9MFuu-T8AAAA,Ул. Бигаш,Альметьевск,54.914812851715595,52.290023034440274,1.766283126917328,14000000,13277611.683576569,-722388.316423431,722388.316423431,5.15991654588165,-5.15991654588165
4170163155,https://www.avito.ru/almetevsk/zemelnye_uchastki/uchastok_6_sot._izhs_4170163155?context=H4sIAAAAAAAA_wE_AMD_YToyOntzOjEzOiJsb2NhbFByaW9yaXR5IjtiOjA7czoxOiJ4IjtzOjE2OiIxbndMZVRMRUpDeG1lcWIwIjt9I0doDz8AAAA,Ул. Петра Голышева,Альметьевск,54.933884,52.393026,7.038686386984548,3400000,2713448.0990019105,-686551.9009980895,686551.9009980895,20.192702970532043,-20.192702970532043
8184539605,https://www.avito.ru/almetevsk/zemelnye_uchastki/uchastok_65_sot._izhs_8184539605?context=H4sIAAAAAAAA_wE_AMD_YToyOntzOjEzOiJsb2NhbFByaW9yaXR5IjtiOjA7czoxOiJ4IjtzOjE2OiJCeVoyWkZZWFV6cjZKM2NkIjt9ai4Iyj8AAAA,Садоводческое некоммерческое товарищество Алнас,Альметьевск,54.96459579,52.47660446,13.374933476192655,650000,1322456.8107495378,672456.8107495378,672456.8107495378,103.45489396146735,103.45489396146735
8172049236,https://www.avito.ru/almetevsk/zemelnye_uchastki/uchastok_8_sot._promnaznacheniya_8172049236?context=H4sIAAAAAAAA_wE_AMD_YToyOntzOjEzOiJsb2NhbFByaW9yaXR5IjtiOjA7czoxOiJ4IjtzOjE2OiJUN1VjQkt1SExaZlI1TVhpIjt9QPOwbj8AAAA,Шоссейная ул.,Альметьевск,54.88593103294203,52.34420451124289,3.2308343867654745,5600000,4934581.231323214,-665418.7686767858,665418.7686767858,11.882478012085459,-11.882478012085459
8214234973,https://www.avito.ru/almetevsk/zemelnye_uchastki/uchastok_10_sot._izhs_8214234973?context=H4sIAAAAAAAA_wE_AMD_YToyOntzOjEzOiJsb2NhbFByaW9yaXR5IjtiOjA7czoxOiJ4IjtzOjE2OiIxbndMZVRMRUpDeG1lcWIwIjt9I0doDz8AAAA,"С. Миннибаево, ул. Ф. Карими, 35",Альметьевск,54.81680394512134,52.233468225623014,10.183984410298109,1000000,1624261.5128704654,624261.5128704654,624261.5128704654,62.42615128704654,62.42615128704654
8241556599,https://www.avito.ru/almetevsk/zemelnye_uchastki/uchastok_10_sot._izhs_8241556599?context=H4sIAAAAAAAA_wE_AMD_YToyOntzOjEzOiJsb2NhbFByaW9yaXR5IjtiOjA7czoxOiJ4IjtzOjE2OiJMQmVjd0tyY09RRlZhd1hiIjt90pIAST8AAAA,"Республика Татарстан (Татарстан), Альметьевский район, Новокашировское сельское поселение",Альметьевск,55.01742935,52.43086243,15.50169727631778,700000,1317537.5313677883,617537.5313677883,617537.5313677883,88.21964733825548,88.21964733825548
8103087861,https://www.avito.ru/almetevsk/zemelnye_uchastki/uchastok_6_sot._izhs_8103087861?context=H4sIAAAAAAAA_wE_AMD_YToyOntzOjEzOiJsb2NhbFByaW9yaXR5IjtiOjA7czoxOiJ4IjtzOjE2OiJzN1lPSXVRTllabGQ3bzF5Ijt96LKhFT8AAAA,Вахтовая ул.,Альметьевск,54.90207383607527,52.36928069743354,4.435530323607266,3300000,2685321.997016621,-614678.0029833792,614678.0029833792,18.62660615101149,-18.62660615101149
4357739134,https://www.avito.ru/almetevsk/zemelnye_uchastki/uchastok_116_sot._izhs_4357739134?context=H4sIAAAAAAAA_wE_AMD_YToyOntzOjEzOiJsb2NhbFByaW9yaXR5IjtiOjA7czoxOiJ4IjtzOjE2OiJRcGtibTBYSlNmOUk3SUNoIjt9aWUt3D8AAAA,С. Верхний Акташ,Альметьевск,54.963026,52.152484,11.744554415631182,750000,1360743.4261317956,610743.4261317956,610743.4261317956,81.43245681757276,81.43245681757276
1904404921,https://www.avito.ru/almetevsk/zemelnye_uchastki/uchastok_9_sot._snt_dnp_1904404921?context=H4sIAAAAAAAA_wE_AMD_YToyOntzOjEzOiJsb2NhbFByaW9yaXR5IjtiOjA7czoxOiJ4IjtzOjE2OiJzN1lPSXVRTllabGQ3bzF5Ijt96LKhFT8AAAA,СНТ Газовик,Альметьевск,54.91433910821472,52.36817575261449,4.64072482658765,2100000,1504489.9937691218,-595510.0062308782,595510.0062308782,28.357619344327535,-28.357619344327535
8122438702,https://www.avito.ru/almetevsk/zemelnye_uchastki/uchastok_6_sot._izhs_8122438702?context=H4sIAAAAAAAA_wE_AMD_YToyOntzOjEzOiJsb2NhbFByaW9yaXR5IjtiOjA7czoxOiJ4IjtzOjE2OiIxbndMZVRMRUpDeG1lcWIwIjt9I0doDz8AAAA,Мкр-н М-4,Альметьевск,54.864944551204474,52.45069593969103,10.397650477983557,2550000,1955881.3585544396,-594118.6414455604,594118.6414455604,23.298770252767074,-23.298770252767074
8074801863,https://www.avito.ru/almetevsk/zemelnye_uchastki/uchastok_83_sot._snt_dnp_8074801863?context=H4sIAAAAAAAA_wE_AMD_YToyOntzOjEzOiJsb2NhbFByaW9yaXR5IjtiOjA7czoxOiJ4IjtzOjE2OiJCeVoyWkZZWFV6cjZKM2NkIjt9ai4Iyj8AAAA,"Садоводческое некоммерческое товарищество Алнас, 449",Альметьевск,54.959072219899774,52.48076156166496,13.286259815043458,1400000,810763.52785446,-589236.47214554,589236.47214554,42.08831943896715,-42.08831943896715
8199534818,https://www.avito.ru/almetevsk/zemelnye_uchastki/uchastok_55_sot._snt_dnp_8199534818?context=H4sIAAAAAAAA_wE_AMD_YToyOntzOjEzOiJsb2NhbFByaW9yaXR5IjtiOjA7czoxOiJ4IjtzOjE2OiJCeVoyWkZZWFV6cjZKM2NkIjt9ai4Iyj8AAAA,"Садоводческое некоммерческое товарищество Ручеёк, 95",Альметьевск,54.87882185549426,52.26857142853814,3.0960710120897743,1320000,1908398.178546907,588398.1785469069,588398.1785469069,44.57561958688689,44.57561958688689
7486993584,https://www.avito.ru/almetevsk/zemelnye_uchastki/uchastok_61_sot._snt_dnp_7486993584?context=H4sIAAAAAAAA_wE_AMD_YToyOntzOjEzOiJsb2NhbFByaW9yaXR5IjtiOjA7czoxOiJ4IjtzOjE2OiJjZ2ZoVEtidmJoSjltOEpFIjt9vhiYDT8AAAA,Ул. Тухватуллина,Альметьевск,54.89331055,52.33760834,2.517200523296352,1500000,2076768.5386955487,576768.5386955487,576768.5386955487,38.45123591303658,38.45123591303658
8389760966,https://www.avito.ru/almetevsk/zemelnye_uchastki/uchastok_10_sot._snt_dnp_8389760966?context=H4sIAAAAAAAA_wE_AMD_YToyOntzOjEzOiJsb2NhbFByaW9yaXR5IjtiOjA7czoxOiJ4IjtzOjE2OiJxdUt6U0RSOFhsWHFEb1ZJIjt9kCs1ED8AAAA,"Республика Татарстан (Татарстан), Альметьевский район, Новоникольское сельское поселение",Альметьевск,54.948301481135736,52.4062012691858,8.65440188274361,500000,1060485.640809907,560485.6408099071,560485.6408099071,112.09712816198143,112.09712816198143
8244811359,https://www.avito.ru/almetevsk/zemelnye_uchastki/uchastok_6_sot._snt_dnp_8244811359?context=H4sIAAAAAAAA_wE_AMD_YToyOntzOjEzOiJsb2NhbFByaW9yaXR5IjtiOjA7czoxOiJ4IjtzOjE2OiJxdUt6U0RSOFhsWHFEb1ZJIjt9kCs1ED8AAAA,Карьерная ул.,Альметьевск,54.89081573,52.33694458,2.573706666400113,2600000,2046137.3172669003,-553862.6827330997,553862.6827330997,21.302410874349988,-21.302410874349988
8244457776,https://www.avito.ru/almetevsk/zemelnye_uchastki/uchastok_4_sot._snt_dnp_8244457776?context=H4sIAAAAAAAA_wE_AMD_YToyOntzOjEzOiJsb2NhbFByaW9yaXR5IjtiOjA7czoxOiJ4IjtzOjE2OiJFb0JQd3lLWjZQSTQ3d0FMIjt9EzJZ5j8AAAA,Садоводческое товарищество Дорожник,Альметьевск,54.885139816479104,52.346924210219285,3.425641283491188,200000,736441.6117560518,536441.6117560518,536441.6117560518,268.2208058780259,268.2208058780259
4227691389,https://www.avito.ru/almetevsk/zemelnye_uchastki/uchastok_58_sot._snt_dnp_4227691389?context=H4sIAAAAAAAA_wE_AMD_YToyOntzOjEzOiJsb2NhbFByaW9yaXR5IjtiOjA7czoxOiJ4IjtzOjE2OiJjZ2ZoVEtidmJoSjltOEpFIjt9vhiYDT8AAAA,Ул. Петра Хузангая,Альметьевск,54.8922347486179,52.34504247486876,3.0068325867837373,2100000,1569812.4579825895,-530187.5420174105,530187.5420174105,25.24702581035288,-25.24702581035288
7944170848,https://www.avito.ru/almetevsk/zemelnye_uchastki/uchastok_79_sot._izhs_7944170848?context=H4sIAAAAAAAA_wE_AMD_YToyOntzOjEzOiJsb2NhbFByaW9yaXR5IjtiOjA7czoxOiJ4IjtzOjE2OiJjZ2ZoVEtidmJoSjltOEpFIjt9vhiYDT8AAAA,Мкр-н Урсала,Альметьевск,54.924655065133884,52.38110124821708,5.864135242713581,2300000,2824753.8989853174,524753.8989853174,524753.8989853174,22.815386912405106,22.815386912405106
7476603114,https://www.avito.ru/almetevsk/zemelnye_uchastki/uchastok_1_sot._snt_dnp_7476603114?context=H4sIAAAAAAAA_wE_AMD_YToyOntzOjEzOiJsb2NhbFByaW9yaXR5IjtiOjA7czoxOiJ4IjtzOjE2OiI3Q1dxdmNQb0ZJeUpWNGM0Ijt9pN77ID8AAAA,"Республика Татарстан (Татарстан), Альметьевский район, Новоникольское сельское поселение",Альметьевск,54.96135826197056,52.43487874953428,10.991211248661049,70000,591392.490184774,521392.49018477404,521392.49018477404,744.8464145496772,744.8464145496772
8105534122,https://www.avito.ru/almetevsk/zemelnye_uchastki/uchastok_60_sot._izhs_8105534122?context=H4sIAAAAAAAA_wE_AMD_YToyOntzOjEzOiJsb2NhbFByaW9yaXR5IjtiOjA7czoxOiJ4IjtzOjE2OiJjZ2ZoVEtidmJoSjltOEpFIjt9vhiYDT8AAAA,"С. Старая Варваринка, Широкая ул., 9",Альметьевск,54.81071472,51.96215057,23.795298989505586,190000,693953.6049572167,503953.60495721665,503953.60495721665,265.2387394511666,265.2387394511666
8026671370,https://www.avito.ru/almetevsk/zemelnye_uchastki/uchastok_6_sot._izhs_8026671370?context=H4sIAAAAAAAA_wE_AMD_YToyOntzOjEzOiJsb2NhbFByaW9yaXR5IjtiOjA7czoxOiJ4IjtzOjE2OiJUN1VjQkt1SExaZlI1TVhpIjt9QPOwbj8AAAA,"Ул. Токарликова, 38",Альметьевск,54.90456772,52.37262726,4.671049757724362,3500000,3002710.866949496,-497289.13305050414,497289.13305050414,14.208260944300118,-14.208260944300118
8157872114,https://www.avito.ru/almetevsk/zemelnye_uchastki/uchastok_6_sot._izhs_8157872114?context=H4sIAAAAAAAA_wE_AMD_YToyOntzOjEzOiJsb2NhbFByaW9yaXR5IjtiOjA7czoxOiJ4IjtzOjE2OiI4cXRwM1RsRUpSd3Z6VXpsIjt9MFuu-T8AAAA,"Ул. Токарликова, 71",Альметьевск,54.90335846,52.37304688,4.685158997218298,3500000,3009889.9948123624,-490110.00518763764,490110.00518763764,14.003143005361077,-14.003143005361077
8015996000,https://www.avito.ru/almetevsk/zemelnye_uchastki/uchastok_12_sot._snt_dnp_8015996000?context=H4sIAAAAAAAA_wE_AMD_YToyOntzOjEzOiJsb2NhbFByaW9yaXR5IjtiOjA7czoxOiJ4IjtzOjE2OiIxbndMZVRMRUpDeG1lcWIwIjt9I0doDz8AAAA,Садоводческое некоммерческое товарищество Алнас,Альметьевск,54.964597,52.476605,13.375034690004272,850000,1336024.4231413465,486024.42314134655,486024.42314134655,57.17934389898195,57.17934389898195
8287307303,https://www.avito.ru/almetevsk/zemelnye_uchastki/uchastok_103_sot._izhs_8287307303?context=H4sIAAAAAAAA_wE_AMD_YToyOntzOjEzOiJsb2NhbFByaW9yaXR5IjtiOjA7czoxOiJ4IjtzOjE2OiJsU0ZQdW9rc2tOOGdveG1LIjt9kuIszD8AAAA,Мкр-н Урсала,Альметьевск,54.9379018,52.3781096,6.532986763958073,2990000,3445808.51220822,455808.5122082201,455808.5122082201,15.244431846428766,15.244431846428766
8325098222,https://www.avito.ru/almetevsk/zemelnye_uchastki/uchastok_20_sot._izhs_8325098222?context=H4sIAAAAAAAA_wE_AMD_YToyOntzOjEzOiJsb2NhbFByaW9yaXR5IjtiOjA7czoxOiJ4IjtzOjE2OiJMQmVjd0tyY09RRlZhd1hiIjt90pIAST8AAAA,"С. Кичучатово, Речная ул., 5",Альметьевск,54.847618,52.067989,15.945746759277716,700000,1148804.6789243305,448804.6789243305,448804.6789243305,64.11495413204722,64.11495413204722
4290347022,https://www.avito.ru/almetevsk/zemelnye_uchastki/uchastok_6_sot._izhs_4290347022?context=H4sIAAAAAAAA_wE_AMD_YToyOntzOjEzOiJsb2NhbFByaW9yaXR5IjtiOjA7czoxOiJ4IjtzOjE2OiJwTWxGRk9EMG1pazdNcnIyIjt9Ds2uND8AAAA,Весенняя ул.,Альметьевск,54.93048410122663,52.38289627835273,6.289730006146693,3500000,3058107.063628702,-441892.93637129804,441892.93637129804,12.625512467751374,-12.625512467751374
7632160599,https://www.avito.ru/almetevsk/zemelnye_uchastki/uchastok_45_sot._snt_dnp_7632160599?context=H4sIAAAAAAAA_wE_AMD_YToyOntzOjEzOiJsb2NhbFByaW9yaXR5IjtiOjA7czoxOiJ4IjtzOjE2OiIxbndMZVRMRUpDeG1lcWIwIjt9I0doDz8AAAA,"СНТ Яблочко, 2/1",Альметьевск,54.87163544,52.3058548,3.1761480350852658,800000,361770.62655467313,-438229.37344532687,438229.37344532687,54.77867168066586,-54.77867168066586
2007333663,https://www.avito.ru/almetevsk/zemelnye_uchastki/uchastok_6_sot._izhs_2007333663?context=H4sIAAAAAAAA_wE_AMD_YToyOntzOjEzOiJsb2NhbFByaW9yaXR5IjtiOjA7czoxOiJ4IjtzOjE2OiJIVURscWRRRnBtbm5EZDVVIjt9NWTjzT8AAAA,"Республика Татарстан, Альметьевск",Альметьевск,54.9254657519521,52.3465475130347,4.10732459139822,1650000,2058173.2399124438,408173.2399124438,408173.2399124438,24.737772115905685,24.737772115905685
8200532889,https://www.avito.ru/almetevsk/zemelnye_uchastki/uchastok_15_sot._izhs_8200532889?context=H4sIAAAAAAAA_wE_AMD_YToyOntzOjEzOiJsb2NhbFByaW9yaXR5IjtiOjA7czoxOiJ4IjtzOjE2OiI4cXRwM1RsRUpSd3Z6VXpsIjt9MFuu-T8AAAA,"С. Новое Надырово, ул. Тукая, 1",Альметьевск,54.897314,52.478887,11.441894518983116,1990000,1583693.3401711413,-406306.6598288587,406306.6598288587,20.417420091902446,-20.417420091902446
7559485373,https://www.avito.ru/almetevsk/zemelnye_uchastki/uchastok_102_sot._snt_dnp_7559485373?context=H4sIAAAAAAAA_wE_AMD_YToyOntzOjEzOiJsb2NhbFByaW9yaXR5IjtiOjA7czoxOiJ4IjtzOjE2OiI4cXRwM1RsRUpSd3Z6VXpsIjt9MFuu-T8AAAA,СНТ Коммунальник,Альметьевск,54.8837738,52.24392319,4.014450486505245,2450000,2048573.216683395,-401426.783316605,401426.783316605,16.38476666598388,-16.38476666598388
4075381974,https://www.avito.ru/almetevsk/zemelnye_uchastki/uchastok_8_sot._snt_dnp_4075381974?context=H4sIAAAAAAAA_wE_AMD_YToyOntzOjEzOiJsb2NhbFByaW9yaXR5IjtiOjA7czoxOiJ4IjtzOjE2OiJUN1VjQkt1SExaZlI1TVhpIjt9QPOwbj8AAAA,Садоводческое некоммерческое товарищество Нефтепроводчик,Альметьевск,54.89392662136549,52.36188084506455,4.014032217952148,1600000,1201145.93847899,-398854.06152101,398854.06152101,24.928378845063126,-24.928378845063126
8291306412,https://www.avito.ru/almetevsk/zemelnye_uchastki/uchastok_64_sot._snt_dnp_8291306412?context=H4sIAAAAAAAA_wE_AMD_YToyOntzOjEzOiJsb2NhbFByaW9yaXR5IjtiOjA7czoxOiJ4IjtzOjE2OiJIVURscWRRRnBtbm5EZDVVIjt9NWTjzT8AAAA,"Пос. железнодорожной станции Калейкино, СНТ Заря-2, 17",Альметьевск,54.92041759329576,52.145147710047084,10.155410737772321,600000,976646.8444917349,376646.84449173487,376646.84449173487,62.77447408195581,62.77447408195581
7603698857,https://www.avito.ru/almetevsk/zemelnye_uchastki/uchastok_6_sot._izhs_7603698857?context=H4sIAAAAAAAA_wE_AMD_YToyOntzOjEzOiJsb2NhbFByaW9yaXR5IjtiOjA7czoxOiJ4IjtzOjE2OiJRcGtibTBYSlNmOUk3SUNoIjt9aWUt3D8AAAA,"Ул. Токарликова, 37",Альметьевск,54.90386581,52.37376785,4.735866331227783,2600000,2971691.528570025,371691.5285700252,371691.5285700252,14.295828021924049,14.295828021924049
4579560428,https://www.avito.ru/almetevsk/zemelnye_uchastki/uchastok_42_sot._snt_dnp_4579560428?context=H4sIAAAAAAAA_wE_AMD_YToyOntzOjEzOiJsb2NhbFByaW9yaXR5IjtiOjA7czoxOiJ4IjtzOjE2OiI3Q1dxdmNQb0ZJeUpWNGM0Ijt9pN77ID8AAAA,Пл. Ленина,Альметьевск,54.90116882,52.29722977,0.21968771152555555,350000,708654.9517528662,358654.95175286615,358654.95175286615,102.47284335796176,102.47284335796176
7805437982,https://www.avito.ru/almetevsk/zemelnye_uchastki/uchastok_10_sot._izhs_7805437982?context=H4sIAAAAAAAA_wE_AMD_YToyOntzOjEzOiJsb2NhbFByaW9yaXR5IjtiOjA7czoxOiJ4IjtzOjE2OiJIVURscWRRRnBtbm5EZDVVIjt9NWTjzT8AAAA,"С. Кичучатово, ул. Мусы Джалиля",Альметьевск,54.8391037,52.07635117,15.831563393839566,500000,848495.6499991844,348495.6499991844,348495.6499991844,69.69912999983688,69.69912999983688
909618477,https://www.avito.ru/almetevsk/zemelnye_uchastki/uchastok_107_sot._snt_dnp_909618477?context=H4sIAAAAAAAA_wE_AMD_YToyOntzOjEzOiJsb2NhbFByaW9yaXR5IjtiOjA7czoxOiJ4IjtzOjE2OiJFb0JQd3lLWjZQSTQ3d0FMIjt9EzJZ5j8AAAA,Шоссейная ул.,Альметьевск,54.890319,52.347661,3.2322246846831284,2600000,2266117.7350938153,-333882.26490618475,333882.26490618475,12.841625573314799,-12.841625573314799
8072092877,https://www.avito.ru/almetevsk/zemelnye_uchastki/uchastok_6_sot._snt_dnp_8072092877?context=H4sIAAAAAAAA_wE_AMD_YToyOntzOjEzOiJsb2NhbFByaW9yaXR5IjtiOjA7czoxOiJ4IjtzOjE2OiI4cXRwM1RsRUpSd3Z6VXpsIjt9MFuu-T8AAAA,Д. Нолинка,Альметьевск,54.97754036751527,52.22305619480481,9.924537550035199,700000,1033825.9818505764,333825.98185057635,333825.98185057635,47.689425978653766,47.689425978653766
8280227417,https://www.avito.ru/almetevsk/zemelnye_uchastki/uchastok_65_sot._snt_dnp_8280227417?context=H4sIAAAAAAAA_wE_AMD_YToyOntzOjEzOiJsb2NhbFByaW9yaXR5IjtiOjA7czoxOiJ4IjtzOjE2OiJIVURscWRRRnBtbm5EZDVVIjt9NWTjzT8AAAA,Садоводческое некоммерческое товарищество Нефтепроводчик,Альметьевск,54.895013394336985,52.363369144522466,4.089689223046909,800000,1128169.7590923281,328169.75909232814,328169.75909232814,41.02121988654102,41.02121988654102
1653684541,https://www.avito.ru/almetevsk/zemelnye_uchastki/uchastok_10_sot._izhs_1653684541?context=H4sIAAAAAAAA_wE_AMD_YToyOntzOjEzOiJsb2NhbFByaW9yaXR5IjtiOjA7czoxOiJ4IjtzOjE2OiJNWDFoTlBZcXFGdXFDNUdqIjt9UYscgD8AAAA,"Ул. Токарликова, 30",Альметьевск,54.90511322,52.37187958,4.630558827695237,3300000,3626004.9166951156,326004.9166951156,326004.9166951156,9.878936869548959,9.878936869548959
8068235420,https://www.avito.ru/almetevsk/zemelnye_uchastki/uchastok_35_sot._snt_dnp_8068235420?context=H4sIAAAAAAAA_wE_AMD_YToyOntzOjEzOiJsb2NhbFByaW9yaXR5IjtiOjA7czoxOiJ4IjtzOjE2OiJjZ2ZoVEtidmJoSjltOEpFIjt9vhiYDT8AAAA,"Садоводческое некоммерческое товарищество Восход, 316А",Альметьевск,54.88394031908067,52.339322855689545,3.0842668450247306,480000,803734.8098453612,323734.80984536116,323734.80984536116,67.44475205111691,67.44475205111691
8353573691,https://www.avito.ru/almetevsk/zemelnye_uchastki/uchastok_6_sot._izhs_8353573691?context=H4sIAAAAAAAA_wE_AMD_YToyOntzOjEzOiJsb2NhbFByaW9yaXR5IjtiOjA7czoxOiJ4IjtzOjE2OiJwTWxGRk9EMG1pazdNcnIyIjt9Ds2uND8AAAA,Ул. Хариса Шайхатдарова,Альметьевск,54.865114,52.449809,10.337973011773851,1580000,1899376.1602341891,319376.1602341891,319376.1602341891,20.213681027480323,20.213681027480323
8353535832,https://www.avito.ru/almetevsk/zemelnye_uchastki/uchastok_106_sot._snt_dnp_8353535832?context=H4sIAAAAAAAA_wE_AMD_YToyOntzOjEzOiJsb2NhbFByaW9yaXR5IjtiOjA7czoxOiJ4IjtzOjE2OiJ1WFBHcTg1R0tsVEVocFBOIjt9dpYT8D8AAAA,"Садоводческое некоммерческое товарищество Восход, 289",Альметьевск,54.88497706928119,52.33854660165221,2.977734302959884,2000000,2302555.6946997647,302555.6946997647,302555.6946997647,15.127784734988236,15.127784734988236
8094709528,https://www.avito.ru/almetevsk/zemelnye_uchastki/uchastok_8_sot._izhs_8094709528?context=H4sIAAAAAAAA_wE_AMD_YToyOntzOjEzOiJsb2NhbFByaW9yaXR5IjtiOjA7czoxOiJ4IjtzOjE2OiJFb0JQd3lLWjZQSTQ3d0FMIjt9EzJZ5j8AAAA,"С. Кульшарипово, Новая ул.",Альметьевск,54.88223814562813,52.20089030347399,6.638826423874547,3500000,3787248.3636619137,287248.36366191367,287248.36366191367,8.207096104626105,8.207096104626105
8105626634,https://www.avito.ru/almetevsk/zemelnye_uchastki/uchastok_25_sot._izhs_8105626634?context=H4sIAAAAAAAA_wE_AMD_YToyOntzOjEzOiJsb2NhbFByaW9yaXR5IjtiOjA7czoxOiJ4IjtzOjE2OiJIVURscWRRRnBtbm5EZDVVIjt9NWTjzT8AAAA,С. Старое Суркино,Альметьевск,54.73679275236375,52.20512622119789,19.138672383936175,650000,388716.8856860442,-261283.11431395583,261283.11431395583,40.197402202147046,-40.197402202147046
8313356330,https://www.avito.ru/almetevsk/zemelnye_uchastki/uchastok_55_sot._snt_dnp_8313356330?context=H4sIAAAAAAAA_wE_AMD_YToyOntzOjEzOiJsb2NhbFByaW9yaXR5IjtiOjA7czoxOiJ4IjtzOjE2OiJwTWxGRk9EMG1pazdNcnIyIjt9Ds2uND8AAAA,"Садоводческое некоммерческое товарищество Алнас, 981",Альметьевск,54.96818924,52.47716141,13.622821637157013,550000,809433.2750794325,259433.27507943253,259433.27507943253,47.16968637807864,47.16968637807864
2374350931,https://www.avito.ru/almetevsk/zemelnye_uchastki/uchastok_6_sot._izhs_2374350931?context=H4sIAAAAAAAA_wE_AMD_YToyOntzOjEzOiJsb2NhbFByaW9yaXR5IjtiOjA7czoxOiJ4IjtzOjE2OiJCeVoyWkZZWFV6cjZKM2NkIjt9ai4Iyj8AAAA,"Кленовая ул., 19",Альметьевск,54.926185648902106,52.388838340510205,6.381284815227213,3300000,3046710.4102701223,-253289.58972987765,253289.58972987765,7.6754421130265955,-7.6754421130265955
2125681139,https://www.avito.ru/almetevsk/zemelnye_uchastki/uchastok_12_sot._izhs_2125681139?context=H4sIAAAAAAAA_wE_AMD_YToyOntzOjEzOiJsb2NhbFByaW9yaXR5IjtiOjA7czoxOiJ4IjtzOjE2OiJRcGtibTBYSlNmOUk3SUNoIjt9aWUt3D8AAAA,"Д. Болгар-2, Солнечная ул.",Альметьевск,55.05750384545122,52.38058390066429,18.252943770106153,1050000,1288621.2327337177,238621.23273371765,238621.23273371765,22.725831688925492,22.725831688925492
4434333025,https://www.avito.ru/almetevsk/zemelnye_uchastki/uchastok_10_sot._izhs_4434333025?context=H4sIAAAAAAAA_wE_AMD_YToyOntzOjEzOiJsb2NhbFByaW9yaXR5IjtiOjA7czoxOiJ4IjtzOjE2OiJCeVoyWkZZWFV6cjZKM2NkIjt9ai4Iyj8AAAA,С. Кульшарипово,Альметьевск,54.89690121575419,52.195731676569224,6.6758275125127176,3449000,3685588.1565406593,236588.15654065926,236588.15654065926,6.859616020314853,6.859616020314853
5058399678,https://www.avito.ru/almetevsk/zemelnye_uchastki/uchastok_6_sot._izhs_5058399678?context=H4sIAAAAAAAA_wE_AMD_YToyOntzOjEzOiJsb2NhbFByaW9yaXR5IjtiOjA7czoxOiJ4IjtzOjE2OiJzN1lPSXVRTllabGQ3bzF5Ijt96LKhFT8AAAA,"Ул. Материнской Славы, 12",Альметьевск,54.86962554448095,52.44099181604551,9.629811311695013,2050000,1825866.3920327178,-224133.60796728218,224133.60796728218,10.933346730111326,-10.933346730111326
1013435747,https://www.avito.ru/almetevsk/zemelnye_uchastki/uchastok_15_sot._snt_dnp_1013435747?context=H4sIAAAAAAAA_wE_AMD_YToyOntzOjEzOiJsb2NhbFByaW9yaXR5IjtiOjA7czoxOiJ4IjtzOjE2OiJhSmdUbGs1ZER6bEI3RnNrIjt9JNk_Sz8AAAA,Д. Нолинка,Альметьевск,54.9772720574185,52.2185041819115,10.046179552887759,2300000,2519006.8901752634,219006.8901752634,219006.8901752634,9.522038703272322,9.522038703272322
8211639495,https://www.avito.ru/almetevsk/zemelnye_uchastki/uchastok_14_sot._snt_dnp_8211639495?context=H4sIAAAAAAAA_wE_AMD_YToyOntzOjEzOiJsb2NhbFByaW9yaXR5IjtiOjA7czoxOiJ4IjtzOjE2OiJjZ2ZoVEtidmJoSjltOEpFIjt9vhiYDT8AAAA,"Садоводческое некоммерческое товарищество Алнас, 1110",Альметьевск,54.965825714602175,52.48182754865089,13.729859847421617,1200000,1396876.4896619357,196876.48966193572,196876.48966193572,16.40637413849464,16.40637413849464
4913573943,https://www.avito.ru/almetevsk/zemelnye_uchastki/uchastok_6_sot._izhs_4913573943?context=H4sIAAAAAAAA_wE_AMD_YToyOntzOjEzOiJsb2NhbFByaW9yaXR5IjtiOjA7czoxOiJ4IjtzOjE2OiJUN1VjQkt1SExaZlI1TVhpIjt9QPOwbj8AAAA,"Ул. Дружбы Народов, 81",Альметьевск,54.86719209906393,52.455356428716826,10.585640750111716,1950000,1760569.4083404054,-189430.59165959456,189430.59165959456,9.714389315876645,-9.714389315876645
4251187763,https://www.avito.ru/almetevsk/zemelnye_uchastki/uchastok_6_sot._snt_dnp_4251187763?context=H4sIAAAAAAAA_wE_AMD_YToyOntzOjEzOiJsb2NhbFByaW9yaXR5IjtiOjA7czoxOiJ4IjtzOjE2OiJzN1lPSXVRTllabGQ3bzF5Ijt96LKhFT8AAAA,Садовое общество Строитель-2,Альметьевск,54.922483292571904,52.25714706848146,3.708515927558046,1200000,1012680.4257376567,-187319.57426234335,187319.57426234335,15.609964521861947,-15.609964521861947
8256876152,https://www.avito.ru/almetevsk/zemelnye_uchastki/uchastok_6_sot._izhs_8256876152?context=H4sIAAAAAAAA_wE_AMD_YToyOntzOjEzOiJsb2NhbFByaW9yaXR5IjtiOjA7czoxOiJ4IjtzOjE2OiI3Q1dxdmNQb0ZJeUpWNGM0Ijt9pN77ID8AAAA,"Ул. Хариса Шайхатдарова, 71",Альметьевск,54.8663247086734,52.45461022079844,10.574714076574365,2000000,1818178.9891441588,-181821.01085584122,181821.01085584122,9.091050542792061,-9.091050542792061
4205567218,https://www.avito.ru/almetevsk/zemelnye_uchastki/uchastok_15_sot._izhs_4205567218?context=H4sIAAAAAAAA_wE_AMD_YToyOntzOjEzOiJsb2NhbFByaW9yaXR5IjtiOjA7czoxOiJ4IjtzOjE2OiJUN1VjQkt1SExaZlI1TVhpIjt9QPOwbj8AAAA,"С. Верхняя Мактама, ул. Чапаева, 18",Альметьевск,54.8314209,52.36506271,8.688223018749218,1500000,1677565.510400564,177565.51040056394,177565.51040056394,11.83770069337093,11.83770069337093
2717422379,https://www.avito.ru/almetevsk/zemelnye_uchastki/uchastok_6_sot._snt_dnp_2717422379?context=H4sIAAAAAAAA_wE_AMD_YToyOntzOjEzOiJsb2NhbFByaW9yaXR5IjtiOjA7czoxOiJ4IjtzOjE2OiI3Q1dxdmNQb0ZJeUpWNGM0Ijt9pN77ID8AAAA,"Садоводческое некоммерческое объединение граждан Виктория, 5",Альметьевск,54.870872192621704,52.2917771684717,3.281288497785551,400000,569651.3135577588,169651.3135577588,169651.3135577588,42.4128283894397,42.4128283894397
8382904749,https://www.avito.ru/almetevsk/zemelnye_uchastki/uchastok_6_sot._izhs_8382904749?context=H4sIAAAAAAAA_wE_AMD_YToyOntzOjEzOiJsb2NhbFByaW9yaXR5IjtiOjA7czoxOiJ4IjtzOjE2OiI4cXRwM1RsRUpSd3Z6VXpsIjt9MFuu-T8AAAA,"Мкр-н Урсала, Полевая ул.",Альметьевск,54.926911,52.344517,4.1292059256816875,2000000,2164582.3612393993,164582.3612393993,164582.3612393993,8.229118061969965,8.229118061969965
4233475441,https://www.avito.ru/almetevsk/zemelnye_uchastki/uchastok_111_sot._snt_dnp_4233475441?context=H4sIAAAAAAAA_wE_AMD_YToyOntzOjEzOiJsb2NhbFByaW9yaXR5IjtiOjA7czoxOiJ4IjtzOjE2OiJwTWxGRk9EMG1pazdNcnIyIjt9Ds2uND8AAAA,Садоводческое некоммерческое товарищество Алнас,Альметьевск,54.964470879222525,52.485895229282775,13.872126939935962,1100000,1261333.2716165937,161333.2716165937,161333.2716165937,14.666661056053973,14.666661056053973
8179275733,https://www.avito.ru/almetevsk/zemelnye_uchastki/uchastok_10_sot._izhs_8179275733?context=H4sIAAAAAAAA_wE_AMD_YToyOntzOjEzOiJsb2NhbFByaW9yaXR5IjtiOjA7czoxOiJ4IjtzOjE2OiIxbndMZVRMRUpDeG1lcWIwIjt9I0doDz8AAAA,Д. Болгар-2,Альметьевск,55.060302,52.387672,18.682059176592414,1000000,1154565.5398763693,154565.5398763693,154565.5398763693,15.456553987636928,15.456553987636928
4633886652,https://www.avito.ru/almetevsk/zemelnye_uchastki/uchastok_3_sot._snt_dnp_4633886652?context=H4sIAAAAAAAA_wE_AMD_YToyOntzOjEzOiJsb2NhbFByaW9yaXR5IjtiOjA7czoxOiJ4IjtzOjE2OiJxdUt6U0RSOFhsWHFEb1ZJIjt9kCs1ED8AAAA,СНТ Энергетик А,Альметьевск,54.89302063,52.35744476,3.7542907604889897,250000,395771.2454873542,145771.24548735417,145771.24548735417,58.30849819494167,58.30849819494167
8211670495,https://www.avito.ru/almetevsk/zemelnye_uchastki/uchastok_24_sot._izhs_8211670495?context=H4sIAAAAAAAA_wE_AMD_YToyOntzOjEzOiJsb2NhbFByaW9yaXR5IjtiOjA7czoxOiJ4IjtzOjE2OiJ1WFBHcTg1R0tsVEVocFBOIjt9dpYT8D8AAAA,"С. Каськи, Полевая ул.",Альметьевск,55.07450955315789,52.43319042768263,21.18356394194857,830000,688524.3146919673,-141475.68530803267,141475.68530803267,17.045263290124417,-17.045263290124417
7734597346,https://www.avito.ru/almetevsk/zemelnye_uchastki/uchastok_6_sot._snt_dnp_7734597346?context=H4sIAAAAAAAA_wE_AMD_YToyOntzOjEzOiJsb2NhbFByaW9yaXR5IjtiOjA7czoxOiJ4IjtzOjE2OiJwTWxGRk9EMG1pazdNcnIyIjt9Ds2uND8AAAA,"Республика Татарстан (Татарстан), Альметьевский район, Верхнеакташское сельское поселение",Альметьевск,54.949206526047305,52.20171117256161,8.32960812327601,1000000,872118.1075446565,-127881.8924553435,127881.8924553435,12.788189245534351,-12.788189245534351
7944743278,https://www.avito.ru/almetevsk/zemelnye_uchastki/uchastok_6_sot._izhs_7944743278?context=H4sIAAAAAAAA_wE_AMD_YToyOntzOjEzOiJsb2NhbFByaW9yaXR5IjtiOjA7czoxOiJ4IjtzOjE2OiJsU0ZQdW9rc2tOOGdveG1LIjt9kuIszD8AAAA,Ул. Шамиля Надырова,Альметьевск,54.864461,52.450384,10.399521027578283,1800000,1923443.9496724857,123443.9496724857,123443.9496724857,6.857997204026983,6.857997204026983
8131354023,https://www.avito.ru/almetevsk/zemelnye_uchastki/uchastok_12_sot._izhs_8131354023?context=H4sIAAAAAAAA_wE_AMD_YToyOntzOjEzOiJsb2NhbFByaW9yaXR5IjtiOjA7czoxOiJ4IjtzOjE2OiJjZ2ZoVEtidmJoSjltOEpFIjt9vhiYDT8AAAA,"С. Верхняя Мактама, ул. И. Рахимова, 25",Альметьевск,54.8257103,52.36386871,9.216551007906688,1250000,1369837.815634808,119837.81563480804,119837.81563480804,9.587025250784643,9.587025250784643
7839856794,https://www.avito.ru/almetevsk/zemelnye_uchastki/uchastok_72_sot._snt_dnp_7839856794?context=H4sIAAAAAAAA_wE_AMD_YToyOntzOjEzOiJsb2NhbFByaW9yaXR5IjtiOjA7czoxOiJ4IjtzOjE2OiJJMWpDZlFsazZoZEN4ZWVBIjt9qjaTWj8AAAA,"Садоводческое некоммерческое товарищество Ручеёк, 172",Альметьевск,54.877128,52.267172,3.2979080618510928,2100000,1981849.7402834513,-118150.25971654872,118150.25971654872,5.626202843645178,-5.626202843645178
1229716608,https://www.avito.ru/almetevsk/zemelnye_uchastki/uchastok_26_sot._izhs_1229716608?context=H4sIAAAAAAAA_wE_AMD_YToyOntzOjEzOiJsb2NhbFByaW9yaXR5IjtiOjA7czoxOiJ4IjtzOjE2OiJBOGh1ZUdLT3pZb0l3TXN3Ijt9Xe0S6D8AAAA,С. Новоникольск,Альметьевск,55.051716,52.337421,17.03823868696201,1400000,1282684.7185372424,-117315.28146275762,117315.28146275762,8.379662961625543,-8.379662961625543
8282775750,https://www.avito.ru/almetevsk/zemelnye_uchastki/uchastok_185_sot._izhs_8282775750?context=H4sIAAAAAAAA_wE_AMD_YToyOntzOjEzOiJsb2NhbFByaW9yaXR5IjtiOjA7czoxOiJ4IjtzOjE2OiJxdUt6U0RSOFhsWHFEb1ZJIjt9kCs1ED8AAAA,"С. Новое Надырово, Лесная ул., 9",Альметьевск,54.884602,52.458684,10.291251202669397,2300000,2415522.171373811,115522.17137381108,115522.17137381108,5.022703103209178,5.022703103209178
7463011682,https://www.avito.ru/almetevsk/zemelnye_uchastki/uchastok_8_sot._izhs_7463011682?context=H4sIAAAAAAAA_wE_AMD_YToyOntzOjEzOiJsb2NhbFByaW9yaXR5IjtiOjA7czoxOiJ4IjtzOjE2OiI4cXRwM1RsRUpSd3Z6VXpsIjt9MFuu-T8AAAA,"С. Кульшарипово, ул. Фахретдина",Альметьевск,54.87988241586312,52.184580058425595,7.713037372035139,3000000,3110827.403671244,110827.40367124416,110827.40367124416,3.694246789041472,3.694246789041472
4552670525,https://www.avito.ru/almetevsk/zemelnye_uchastki/uchastok_4_sot._snt_dnp_4552670525?context=H4sIAAAAAAAA_wE_AMD_YToyOntzOjEzOiJsb2NhbFByaW9yaXR5IjtiOjA7czoxOiJ4IjtzOjE2OiJzN1lPSXVRTllabGQ3bzF5Ijt96LKhFT8AAAA,"Садовое общество Смородинка, 303",Альметьевск,54.87787250295975,52.29308544059208,2.499890105729019,280000,379575.60812491446,99575.60812491446,99575.60812491446,35.56271718746945,35.56271718746945
7539623265,https://www.avito.ru/almetevsk/zemelnye_uchastki/uchastok_6_sot._izhs_7539623265?context=H4sIAAAAAAAA_wE_AMD_YToyOntzOjEzOiJsb2NhbFByaW9yaXR5IjtiOjA7czoxOiJ4IjtzOjE2OiJFb0JQd3lLWjZQSTQ3d0FMIjt9EzJZ5j8AAAA,"Ул. Токарликова, 62",Альметьевск,54.903375917951394,52.374083998393345,4.75141106756439,2800000,2888561.0698338454,88561.06983384537,88561.06983384537,3.162895351208763,3.162895351208763
7635505080,https://www.avito.ru/almetevsk/zemelnye_uchastki/uchastok_10_sot._izhs_7635505080?context=H4sIAAAAAAAA_wE_AMD_YToyOntzOjEzOiJsb2NhbFByaW9yaXR5IjtiOjA7czoxOiJ4IjtzOjE2OiJCeVoyWkZZWFV6cjZKM2NkIjt9ai4Iyj8AAAA,С. Новоникольск,Альметьевск,55.04875565,52.34398651,16.77739034454356,1500000,1573876.3092556836,73876.30925568356,73876.30925568356,4.925087283712237,4.925087283712237
3823855687,https://www.avito.ru/almetevsk/zemelnye_uchastki/uchastok_11_sot._izhs_3823855687?context=H4sIAAAAAAAA_wE_AMD_YToyOntzOjEzOiJsb2NhbFByaW9yaXR5IjtiOjA7czoxOiJ4IjtzOjE2OiJBOGh1ZUdLT3pZb0l3TXN3Ijt9Xe0S6D8AAAA,"С. Бишмунча, ул. Габдуллы Тукая",Альметьевск,54.85911179,52.59417725,19.35997447266789,730000,659060.1074009268,-70939.89259907324,70939.89259907324,9.71779350672236,-9.71779350672236
8363408992,https://www.avito.ru/almetevsk/zemelnye_uchastki/uchastok_6_sot._izhs_8363408992?context=H4sIAAAAAAAA_wE_AMD_YToyOntzOjEzOiJsb2NhbFByaW9yaXR5IjtiOjA7czoxOiJ4IjtzOjE2OiJzN1lPSXVRTllabGQ3bzF5Ijt96LKhFT8AAAA,"Ул. 70 лет Победы, 66",Альметьевск,54.86762731877181,52.45270369592555,10.409637504357711,1850000,1791261.4830323341,-58738.51696766587,58738.51696766587,3.1750549712251823,-3.1750549712251823
4514230204,https://www.avito.ru/almetevsk/zemelnye_uchastki/uchastok_8_sot._izhs_4514230204?context=H4sIAAAAAAAA_wE_AMD_YToyOntzOjEzOiJsb2NhbFByaW9yaXR5IjtiOjA7czoxOiJ4IjtzOjE2OiJjZ2ZoVEtidmJoSjltOEpFIjt9vhiYDT8AAAA,"Д. Гульбакча, Садовая ул.",Альметьевск,55.013515009245424,52.514793117721524,18.638553811040634,900000,939735.4293200099,39735.42932000989,39735.42932000989,4.415047702223321,4.415047702223321
8094679765,https://www.avito.ru/almetevsk/zemelnye_uchastki/uchastok_7_sot._snt_dnp_8094679765?context=H4sIAAAAAAAA_wE_AMD_YToyOntzOjEzOiJsb2NhbFByaW9yaXR5IjtiOjA7czoxOiJ4IjtzOjE2OiJNWDFoTlBZcXFGdXFDNUdqIjt9UYscgD8AAAA,"Республика Татарстан (Татарстан), Альметьевский район, Новокашировское сельское поселение",Альметьевск,54.98226547,52.52473831,17.021451863933653,900000,864572.9003650527,-35427.099634947255,35427.099634947255,3.9363444038830284,-3.9363444038830284
8313053883,https://www.avito.ru/almetevsk/zemelnye_uchastki/uchastok_109_sot._izhs_8313053883?context=H4sIAAAAAAAA_wE_AMD_YToyOntzOjEzOiJsb2NhbFByaW9yaXR5IjtiOjA7czoxOiJ4IjtzOjE2OiJMQmVjd0tyY09RRlZhd1hiIjt90pIAST8AAAA,"С. Калейкино, ул. Токарликова, 100",Альметьевск,54.929632,52.186144,7.988202606068958,2400000,2383050.154263428,-16949.845736572053,16949.845736572053,0.706243572357169,-0.706243572357169
8041525824,https://www.avito.ru/almetevsk/zemelnye_uchastki/uchastok_76_sot._snt_dnp_8041525824?context=H4sIAAAAAAAA_wE_AMD_YToyOntzOjEzOiJsb2NhbFByaW9yaXR5IjtiOjA7czoxOiJ4IjtzOjE2OiJxdUt6U0RSOFhsWHFEb1ZJIjt9kCs1ED8AAAA,"Садоводческое некоммерческое товарищество Алнас, 1021",Альметьевск,54.96392441,52.48243713,13.651795773011589,800000,816861.860988169,16861.860988168977,16861.860988168977,2.1077326235211222,2.1077326235211222
8111809790,https://www.avito.ru/almetevsk/zemelnye_uchastki/uchastok_118_sot._snt_dnp_8111809790?context=H4sIAAAAAAAA_wE_AMD_YToyOntzOjEzOiJsb2NhbFByaW9yaXR5IjtiOjA7czoxOiJ4IjtzOjE2OiJBOGh1ZUdLT3pZb0l3TXN3Ijt9Xe0S6D8AAAA,Садоводческое некоммерческое товарищество Алнас,Альметьевск,54.964241693933694,52.47336717329868,13.179595199055498,1300000,1283693.7940534253,-16306.205946574686,16306.205946574686,1.2543235343518988,-1.2543235343518988
8375341293,https://www.avito.ru/almetevsk/zemelnye_uchastki/uchastok_83_sot._snt_dnp_8375341293?context=H4sIAAAAAAAA_wE_AMD_YToyOntzOjEzOiJsb2NhbFByaW9yaXR5IjtiOjA7czoxOiJ4IjtzOjE2OiJxdUt6U0RSOFhsWHFEb1ZJIjt9kCs1ED8AAAA,"Садоводческое товарищество Вишенка, 128",Альметьевск,54.8698616,52.32929993,3.8396521885876376,650000,657901.0696182648,7901.069618264795,7901.069618264795,1.2155491720407376,1.2155491720407376
7328187822,https://www.avito.ru/almetevsk/zemelnye_uchastki/uchastok_50_sot._izhs_7328187822?context=H4sIAAAAAAAA_wE_AMD_YToyOntzOjEzOiJsb2NhbFByaW9yaXR5IjtiOjA7czoxOiJ4IjtzOjE2OiJJMWpDZlFsazZoZEN4ZWVBIjt9qjaTWj8AAAA,"Д. Мугезле-Елга, Родниковая ул., 7",Альметьевск,55.049957680601835,52.4307011917483,18.64442922111722,1000000,1000689.8874742484,689.8874742484186,689.8874742484186,0.06898874742484186,0.06898874742484186
