,city_name,lat,lon,distance_to_center_km,land_area_m2,land_type,actual_price,predicted_price,error,absolute_error,percentage_error,signed_percentage_error
117,Альметьевск,55.049957680601835,52.4307011917483,18.64442922111722,5000.0,ИЖС,1000000,1000689.8874742484,689.8874742484186,689.8874742484186,0.06898874742484186,0.06898874742484186
132,Альметьевск,54.96135826197056,52.43487874953428,10.991211248661049,100.0,"СНТ, ДНП",70000,591392.490184774,521392.49018477404,521392.49018477404,744.8464145496772,744.8464145496772
154,Альметьевск,54.8837738,52.24392319,4.014450486505245,1019.9999999999999,"СНТ, ДНП",2450000,2048573.216683395,-401426.783316605,401426.783316605,16.38476666598388,-16.38476666598388
245,Альметьевск,54.864461,52.450384,10.399521027578283,600.0,ИЖС,1800000,1923443.9496724857,123443.9496724857,123443.9496724857,6.857997204026983,6.857997204026983
84,Альметьевск,54.91678520077778,52.331215196479306,2.7322558475051637,1200.0,ИЖС,6000000,8684191.7509348,2684191.7509348,2684191.7509348,44.73652918224667,44.73652918224667
346,Альметьевск,54.90207383607527,52.36928069743354,4.435530323607266,600.0,ИЖС,3300000,2685321.997016621,-614678.0029833792,614678.0029833792,18.62660615101149,-18.62660615101149
6,Альметьевск,55.051716,52.337421,17.03823868696201,2600.0,ИЖС,1400000,1282684.7185372424,-117315.28146275762,117315.28146275762,8.379662961625543,-8.379662961625543
477,Альметьевск,54.93216324,52.18927765,7.928897077766693,1400.0,ИЖС,1000000,2560633.958745153,1560633.9587451532,1560633.9587451532,156.06339587451532,156.06339587451532
182,Альметьевск,54.9778771751992,52.211953130773864,10.325591278333444,1870.0,ИЖС,2900000,3804838.602576313,904838.6025763131,904838.6025763131,31.20133112332114,31.20133112332114
55,Альметьевск,54.89392662136549,52.36188084506455,4.014032217952148,800.0,"СНТ, ДНП",1600000,1201145.93847899,-398854.06152101,398854.06152101,24.928378845063126,-24.928378845063126
104,Альметьевск,54.86962554448095,52.44099181604551,9.629811311695013,600.0,ИЖС,2050000,1825866.3920327178,-224133.60796728218,224133.60796728218,10.933346730111326,-10.933346730111326
530,Альметьевск,54.98469925,52.33514023,9.681866150956251,1700.0,"СНТ, ДНП",150000,1390073.3199106276,1240073.3199106276,1240073.3199106276,826.715546607085,826.715546607085
320,Альметьевск,54.97754036751527,52.22305619480481,9.924537550035199,600.0,"СНТ, ДНП",700000,1033825.9818505764,333825.98185057635,333825.98185057635,47.689425978653766,47.689425978653766
249,Альметьевск,54.93759918,52.37474442,6.347973132585908,400.0,ИЖС,3800000,1421726.958126202,-2378273.041873798,2378273.041873798,62.58613268088942,-62.58613268088942
237,Альметьевск,55.04862058401349,52.36634412269974,17.05963207872305,1650.0,ИЖС,3490000,1474908.677043935,-2015091.322956065,2015091.322956065,57.73900638842593,-57.73900638842593
468,Альметьевск,54.8663247086734,52.45461022079844,10.574714076574365,600.0,ИЖС,2000000,1818178.9891441588,-181821.01085584122,181821.01085584122,9.091050542792061,-9.091050542792061
523,Альметьевск,54.926911,52.344517,4.1292059256816875,600.0,ИЖС,2000000,2164582.3612393993,164582.3612393993,164582.3612393993,8.229118061969965,8.229118061969965
357,Альметьевск,54.964241693933694,52.47336717329868,13.179595199055498,1180.0,"СНТ, ДНП",1300000,1283693.7940534253,-16306.205946574686,16306.205946574686,1.2543235343518988,-1.2543235343518988
211,Альметьевск,54.91936874536617,52.24925064513963,3.893851845354942,4500.0,промназначения,23500000,12837546.415468367,-10662453.584531633,10662453.584531633,45.372142912900564,-45.372142912900564
494,Альметьевск,54.96818924,52.47716141,13.622821637157013,550.0,"СНТ, ДНП",550000,809433.2750794325,259433.27507943253,259433.27507943253,47.16968637807864,47.16968637807864
10,Альметьевск,55.00964225455731,52.35101483804446,12.619302409515221,2500.0,ИЖС,550000,1965386.537097052,1415386.537097052,1415386.537097052,257.34300674491857,257.34300674491857
404,Альметьевск,54.88593103294203,52.34420451124289,3.2308343867654745,800.0,промназначения,5600000,4934581.231323214,-665418.7686767858,665418.7686767858,11.882478012085459,-11.882478012085459
148,Альметьевск,54.903375917951394,52.374083998393345,4.75141106756439,600.0,ИЖС,2800000,2888561.0698338454,88561.06983384537,88561.06983384537,3.162895351208763,3.162895351208763
450,Альметьевск,55.01742935,52.43086243,15.50169727631778,1000.0,ИЖС,700000,1317537.5313677883,617537.5313677883,617537.5313677883,88.21964733825548,88.21964733825548
2,Альметьевск,54.9772720574185,52.2185041819115,10.046179552887759,1500.0,"СНТ, ДНП",2300000,2519006.8901752634,219006.8901752634,219006.8901752634,9.522038703272322,9.522038703272322
416,Альметьевск,54.96459579,52.47660446,13.374933476192655,650.0,ИЖС,650000,1322456.8107495378,672456.8107495378,672456.8107495378,103.45489396146735,103.45489396146735
503,Альметьевск,54.88655243000441,52.344273050745045,3.2018046307221963,2810.0,ИЖС,20500000,5908682.527298481,-14591317.47270152,14591317.47270152,71.17715840342204,-71.17715840342204
185,Альметьевск,54.894637,52.1982,6.536546554117824,1000.0,ИЖС,2500000,3780478.6963979797,1280478.6963979797,1280478.6963979797,51.21914785591919,51.21914785591919
412,Альметьевск,55.060302,52.387672,18.682059176592414,1000.0,ИЖС,1000000,1154565.5398763693,154565.5398763693,154565.5398763693,15.456553987636928,15.456553987636928
195,Альметьевск,54.949206526047305,52.20171117256161,8.32960812327601,600.0,"СНТ, ДНП",1000000,872118.1075446565,-127881.8924553435,127881.8924553435,12.788189245534351,-12.788189245534351
514,Альметьевск,54.865114,52.449809,10.337973011773851,600.0,ИЖС,1580000,1899376.1602341891,319376.1602341891,319376.1602341891,20.213681027480323,20.213681027480323
483,Альметьевск,54.92041759329576,52.145147710047084,10.155410737772321,640.0,"СНТ, ДНП",600000,976646.8444917349,376646.84449173487,376646.84449173487,62.77447408195581,62.77447408195581
501,Альметьевск,54.847618,52.067989,15.945746759277716,2000.0,ИЖС,700000,1148804.6789243305,448804.6789243305,448804.6789243305,64.11495413204722,64.11495413204722
352,Альметьевск,54.81071472,51.96215057,23.795298989505586,6000.0,ИЖС,190000,693953.6049572167,503953.60495721665,503953.60495721665,265.2387394511666,265.2387394511666
158,Альметьевск,54.920000686884144,52.259466301431004,3.414567991372198,8000.0,ИЖС,50000000,24244796.05350009,-25755203.94649991,25755203.94649991,51.51040789299982,-51.51040789299982
229,Альметьевск,54.914809,52.331357,2.5941651660160097,1620.0,ИЖС,6500000,10927084.731959438,4427084.731959438,4427084.731959438,68.10899587629905,68.10899587629905
425,Альметьевск,54.87882185549426,52.26857142853814,3.0960710120897743,550.0,"СНТ, ДНП",1320000,1908398.178546907,588398.1785469069,588398.1785469069,44.57561958688689,44.57561958688689
86,Альметьевск,55.013515009245424,52.514793117721524,18.638553811040634,800.0,ИЖС,900000,939735.4293200099,39735.42932000989,39735.42932000989,4.415047702223321,4.415047702223321
77,Альметьевск,54.963026,52.152484,11.744554415631182,1160.0,ИЖС,750000,1360743.4261317956,610743.4261317956,610743.4261317956,81.43245681757276,81.43245681757276
131,Альметьевск,54.87988241586312,52.184580058425595,7.713037372035139,800.0,ИЖС,3000000,3110827.403671244,110827.40367124416,110827.40367124416,3.694246789041472,3.694246789041472
89,Альметьевск,54.87787250295975,52.29308544059208,2.499890105729019,400.0,"СНТ, ДНП",280000,379575.60812491446,99575.60812491446,99575.60812491446,35.56271718746945,35.56271718746945
137,Альметьевск,54.89331055,52.33760834,2.517200523296352,610.0,"СНТ, ДНП",1500000,2076768.5386955487,576768.5386955487,576768.5386955487,38.45123591303658,38.45123591303658
30,Альметьевск,54.870872192621704,52.2917771684717,3.281288497785551,600.0,"СНТ, ДНП",400000,569651.3135577588,169651.3135577588,169651.3135577588,42.4128283894397,42.4128283894397
79,Альметьевск,54.89238931113899,52.4622839151868,10.411483448503612,1500.0,ИЖС,1000000,2087942.403760384,1087942.403760384,1087942.403760384,108.7942403760384,108.7942403760384
75,Альметьевск,54.922483292571904,52.25714706848146,3.708515927558046,600.0,"СНТ, ДНП",1200000,1012680.4257376567,-187319.57426234335,187319.57426234335,15.609964521861947,-15.609964521861947
341,Альметьевск,54.88223814562813,52.20089030347399,6.638826423874547,800.0,ИЖС,3500000,3787248.3636619137,287248.36366191367,287248.36366191367,8.207096104626105,8.207096104626105
9,Альметьевск,54.90511322,52.37187958,4.630558827695237,1000.0,ИЖС,3300000,3626004.9166951156,326004.9166951156,326004.9166951156,9.878936869548959,9.878936869548959
394,Альметьевск,54.90335846,52.37304688,4.685158997218298,600.0,ИЖС,3500000,3009889.9948123624,-490110.00518763764,490110.00518763764,14.003143005361077,-14.003143005361077
208,Альметьевск,54.979645,52.217442,10.307229852597345,1500.0,ИЖС,2600000,4457052.211193948,1857052.211193948,1857052.211193948,71.42508504592108,71.42508504592108
73,Альметьевск,54.964470879222525,52.485895229282775,13.872126939935962,1110.0,"СНТ, ДНП",1100000,1261333.2716165937,161333.2716165937,161333.2716165937,14.666661056053973,14.666661056053973
209,Альметьевск,54.877128,52.267172,3.2979080618510928,720.0,"СНТ, ДНП",2100000,1981849.7402834513,-118150.25971654872,118150.25971654872,5.626202843645178,-5.626202843645178
444,Альметьевск,54.93172073,52.38231659,6.33401505732618,600.0,ИЖС,3850000,3009275.73771628,-840724.2622837201,840724.2622837201,21.836993825551172,-21.836993825551172
432,Альметьевск,54.965825714602175,52.48182754865089,13.729859847421617,1400.0,"СНТ, ДНП",1200000,1396876.4896619357,196876.48966193572,196876.48966193572,16.40637413849464,16.40637413849464
436,Альметьевск,54.81680394512134,52.233468225623014,10.183984410298109,1000.0,ИЖС,1000000,1624261.5128704654,624261.5128704654,624261.5128704654,62.42615128704654,62.42615128704654
78,Альметьевск,54.88641064686006,52.33823194979392,2.8741490858847727,819.9999999999999,"СНТ, ДНП",1000000,2098096.932133191,1098096.9321331908,1098096.9321331908,109.80969321331908,109.80969321331908
70,Альметьевск,54.8922347486179,52.34504247486876,3.0068325867837373,580.0,"СНТ, ДНП",2100000,1569812.4579825895,-530187.5420174105,530187.5420174105,25.24702581035288,-25.24702581035288
204,Альметьевск,54.8391037,52.07635117,15.831563393839566,1000.0,ИЖС,500000,848495.6499991844,348495.6499991844,348495.6499991844,69.69912999983688,69.69912999983688
72,Альметьевск,55.06030273,52.38767242,18.68214463413242,1200.0,ИЖС,1800000,985986.3166399458,-814013.6833600542,814013.6833600542,45.2229824088919,-45.2229824088919
287,Альметьевск,54.90456772,52.37262726,4.671049757724362,600.0,ИЖС,3500000,3002710.866949496,-497289.13305050414,497289.13305050414,14.208260944300118,-14.208260944300118
353,Альметьевск,54.73679275236375,52.20512622119789,19.138672383936175,2500.0,ИЖС,650000,388716.8856860442,-261283.11431395583,261283.11431395583,40.197402202147046,-40.197402202147046
244,Альметьевск,54.924655065133884,52.38110124821708,5.864135242713581,790.0,ИЖС,2300000,2824753.8989853174,524753.8989853174,524753.8989853174,22.815386912405106,22.815386912405106
172,Альметьевск,54.88679677159347,52.33567078569713,2.7126998520099974,1100.0,ИЖС,4500000,6356045.656532536,1856045.6565325363,1856045.6565325363,41.24545903405636,41.24545903405636
101,Альметьевск,54.86719209906393,52.455356428716826,10.585640750111716,600.0,ИЖС,1950000,1760569.4083404054,-189430.59165959456,189430.59165959456,9.714389315876645,-9.714389315876645
528,Альметьевск,54.948301481135736,52.4062012691858,8.65440188274361,1000.0,"СНТ, ДНП",500000,1060485.640809907,560485.6408099071,560485.6408099071,112.09712816198143,112.09712816198143
513,Альметьевск,54.88497706928119,52.33854660165221,2.977734302959884,1060.0,"СНТ, ДНП",2000000,2302555.6946997647,302555.6946997647,302555.6946997647,15.127784734988236,15.127784734988236
492,Альметьевск,54.929632,52.186144,7.988202606068958,1090.0,ИЖС,2400000,2383050.154263428,-16949.845736572053,16949.845736572053,0.706243572357169,-0.706243572357169
140,Альметьевск,54.89842050772082,52.20394847918294,6.143940923197589,1100.0,ИЖС,2300000,3943909.378825385,1643909.3788253851,1643909.3788253851,71.474320818495,71.474320818495
234,Альметьевск,54.93019104,52.18616104,8.013008248006864,2600.0,"СНТ, ДНП",4150000,1344998.9394938636,-2805001.060506136,2805001.060506136,67.59038700014786,-67.59038700014786
76,Альметьевск,54.93048410122663,52.38289627835273,6.289730006146693,600.0,ИЖС,3500000,3058107.063628702,-441892.93637129804,441892.93637129804,12.625512467751374,-12.625512467751374
426,Альметьевск,54.897314,52.478887,11.441894518983116,1500.0,ИЖС,1990000,1583693.3401711413,-406306.6598288587,406306.6598288587,20.417420091902446,-20.417420091902446
167,Альметьевск,54.90386581,52.37376785,4.735866331227783,600.0,ИЖС,2600000,2971691.528570025,371691.5285700252,371691.5285700252,14.295828021924049,14.295828021924049
302,Альметьевск,54.96392441,52.48243713,13.651795773011589,760.0,"СНТ, ДНП",800000,816861.860988169,16861.860988168977,16861.860988168977,2.1077326235211222,2.1077326235211222
68,Альметьевск,54.8314209,52.36506271,8.688223018749218,1500.0,ИЖС,1500000,1677565.510400564,177565.51040056394,177565.51040056394,11.83770069337093,11.83770069337093
90,Альметьевск,54.90116882,52.29722977,0.21968771152555555,420.0,"СНТ, ДНП",350000,708654.9517528662,358654.95175286615,358654.95175286615,102.47284335796176,102.47284335796176
63,Альметьевск,54.933884,52.393026,7.038686386984548,600.0,ИЖС,3400000,2713448.0990019105,-686551.9009980895,686551.9009980895,20.192702970532043,-20.192702970532043
340,Альметьевск,54.98226547,52.52473831,17.021451863933653,700.0,"СНТ, ДНП",900000,864572.9003650527,-35427.099634947255,35427.099634947255,3.9363444038830284,-3.9363444038830284
453,Альметьевск,54.89081573,52.33694458,2.573706666400113,600.0,"СНТ, ДНП",2600000,2046137.3172669003,-553862.6827330997,553862.6827330997,21.302410874349988,-21.302410874349988
311,Альметьевск,55.06131442341274,52.398154072830145,18.999353113880773,2000.0,ИЖС,2000000,734416.1301445939,-1265583.8698554062,1265583.8698554062,63.27919349277031,-63.27919349277031
442,Альметьевск,55.01742935,52.43086243,15.50169727631778,1000.0,ИЖС,520000,1317537.5313677883,797537.5313677883,797537.5313677883,153.37260218611314,153.37260218611314
33,Альметьевск,54.890314,52.347697,3.2345806483318307,720.0,ИЖС,2300000,3117481.4133131574,817481.4133131574,817481.4133131574,35.54267014405032,35.54267014405032
82,Альметьевск,54.89690121575419,52.195731676569224,6.6758275125127176,1000.0,ИЖС,3449000,3685588.1565406593,236588.15654065926,236588.15654065926,6.859616020314853,6.859616020314853
479,Альметьевск,54.884602,52.458684,10.291251202669397,1850.0,ИЖС,2300000,2415522.171373811,115522.17137381108,115522.17137381108,5.022703103209178,5.022703103209178
0,Альметьевск,54.890319,52.347661,3.2322246846831284,1070.0,"СНТ, ДНП",2600000,2266117.7350938153,-333882.26490618475,333882.26490618475,12.841625573314799,-12.841625573314799
11,Альметьевск,54.91433910821472,52.36817575261449,4.64072482658765,900.0,"СНТ, ДНП",2100000,1504489.9937691218,-595510.0062308782,595510.0062308782,28.357619344327535,-28.357619344327535
452,Альметьевск,54.885139816479104,52.346924210219285,3.425641283491188,400.0,"СНТ, ДНП",200000,736441.6117560518,536441.6117560518,536441.6117560518,268.2208058780259,268.2208058780259
22,Альметьевск,54.926185648902106,52.388838340510205,6.381284815227213,600.0,ИЖС,3300000,3046710.4102701223,-253289.58972987765,253289.58972987765,7.6754421130265955,-7.6754421130265955
476,Альметьевск,54.895013394336985,52.363369144522466,4.089689223046909,650.0,"СНТ, ДНП",800000,1128169.7590923281,328169.75909232814,328169.75909232814,41.02121988654102,41.02121988654102
521,Альметьевск,54.8698616,52.32929993,3.8396521885876376,830.0000000000001,"СНТ, ДНП",650000,657901.0696182648,7901.069618264795,7901.069618264795,1.2155491720407376,1.2155491720407376
176,Альметьевск,55.04875565,52.34398651,16.77739034454356,1000.0,ИЖС,1500000,1573876.3092556836,73876.30925568356,73876.30925568356,4.925087283712237,4.925087283712237
173,Альметьевск,54.87163544,52.3058548,3.1761480350852658,450.0,"СНТ, ДНП",800000,361770.62655467313,-438229.37344532687,438229.37344532687,54.77867168066586,-54.77867168066586
481,Альметьевск,54.9379018,52.3781096,6.532986763958073,1030.0,ИЖС,2990000,3445808.51220822,455808.5122082201,455808.5122082201,15.244431846428766,15.244431846428766
247,Альметьевск,55.03448868,52.50295258,19.78529187922737,2000.0,ИЖС,2000000,818575.701356283,-1181424.298643717,1181424.298643717,59.07121493218585,-59.07121493218585
18,Альметьевск,55.05750384545122,52.38058390066429,18.252943770106153,1200.0,ИЖС,1050000,1288621.2327337177,238621.23273371765,238621.23273371765,22.725831688925492,22.725831688925492
228,Альметьевск,54.90767809658273,52.34587174698348,3.054401362361829,730.0,ИЖС,6200000,3922404.211324301,-2277595.788675699,2277595.788675699,36.73541594638224,-36.73541594638224
316,Альметьевск,54.88394031908067,52.339322855689545,3.0842668450247306,350.0,"СНТ, ДНП",480000,803734.8098453612,323734.80984536116,323734.80984536116,67.44475205111691,67.44475205111691
15,Альметьевск,54.9254657519521,52.3465475130347,4.10732459139822,600.0,ИЖС,1650000,2058173.2399124438,408173.2399124438,408173.2399124438,24.737772115905685,24.737772115905685
433,Альметьевск,55.07450955315789,52.43319042768263,21.18356394194857,2400.0,ИЖС,830000,688524.3146919673,-141475.68530803267,141475.68530803267,17.045263290124417,-17.045263290124417
39,Альметьевск,54.914812851715595,52.290023034440274,1.766283126917328,1500.0,ИЖС,14000000,13277611.683576569,-722388.316423431,722388.316423431,5.15991654588165,-5.15991654588165
517,Альметьевск,54.86762731877181,52.45270369592555,10.409637504357711,600.0,ИЖС,1850000,1791261.4830323341,-58738.51696766587,58738.51696766587,3.1750549712251823,-3.1750549712251823
281,Альметьевск,54.964597,52.476605,13.375034690004272,1200.0,"СНТ, ДНП",850000,1336024.4231413465,486024.42314134655,486024.42314134655,57.17934389898195,57.17934389898195
46,Альметьевск,54.85911179,52.59417725,19.35997447266789,1100.0,ИЖС,730000,659060.1074009268,-70939.89259907324,70939.89259907324,9.71779350672236,-9.71779350672236
93,Альметьевск,54.89302063,52.35744476,3.7542907604889897,300.0,"СНТ, ДНП",250000,395771.2454873542,145771.24548735417,145771.24548735417,58.30849819494167,58.30849819494167
322,Альметьевск,54.959072219899774,52.48076156166496,13.286259815043458,830.0000000000001,"СНТ, ДНП",1400000,810763.52785446,-589236.47214554,589236.47214554,42.08831943896715,-42.08831943896715
375,Альметьевск,54.8257103,52.36386871,9.216551007906688,1200.0,ИЖС,1250000,1369837.815634808,119837.81563480804,119837.81563480804,9.587025250784643,9.587025250784643
368,Альметьевск,54.864944551204474,52.45069593969103,10.397650477983557,600.0,ИЖС,2550000,1955881.3585544396,-594118.6414455604,594118.6414455604,23.298770252767074,-23.298770252767074
534,Альметьевск,54.96694946,52.54785919,17.497035033363172,1200.0,ИЖС,1750000,744332.1517847942,-1005667.8482152058,1005667.8482152058,57.46673418372604,-57.46673418372604
384,Альметьевск,54.930003012121745,52.38402100808396,6.3220362572245765,600.0,ИЖС,4350000,3069711.7572361757,-1280288.2427638243,1280288.2427638243,29.43191362675458,-29.43191362675458
